najib diikat jamin,Real,"20 Sep 2018 ... KUALA LUMPUR: Mahkamah Sesyen di sini membenarkan bekas Perdana 
Menteri, Datuk Seri Najib Razak diikat jamin RM3.5 juta dengan ...",Fake,1,10,0.22231221097218504,0,0.0,Real,8,2,7.653577169403434,2.346422965754755,Real,0.9984072,0.001592889,1,0.041666666666666664
,,"20 Sep 2018 ... Najib diikat jamin RM3.5 juta. Paparan berita-berita terkini dan ringkas dalam 
bentuk visual yang dikemas kini setiap hari di portal berita ...",,,,0.13347166077674008,,,,,,,,Real,0.9922672,0.0077328454,,
,,"20 Sep 2018 ... Mahkamah Sesyen di sini membenarkan bekas Perdana Menteri, Datuk Seri 
Najib Tun Razak diikat jamin RM3.5 juta dengan dua penjamin ...",,,,0.21414302945384767,,,,,,,,Real,0.9558385,0.044161435,,
,,"20 Sep 2018 ... KUALA LUMPUR: Bekas Perdana Menteri Datuk Seri Najib Razak yang ... tidak 
boleh diikat jamin dan jika mahkamah membenarkan jaminan, ...",,,,0.2085031728856811,,,,,,,,Real,0.99871135,0.0012886623,,
,,"4 Jul 2018 ... DATUK Seri Najib Tun Razak melambaikan tangan kepada penyokongnya 
selepas diikat jamin atas dakwaan berkaitan kes SRC International ...",,,,0.1879672066430445,,,,,,,,Fake,0.062300358,0.9376996,,
,,"21 Sep 2018 ... NAJIB TUN RAZAK melambaikan tangan selepas diikat jamin RM3.5 juta 
dengan dua penjamin setelah mengaku tidak bersalah terhadap 21 ...",,,,0.16854385539452274,,,,,,,,Real,0.9960433,0.003956651,,
,,"4 Jul 2018 ... ekas Perdana Menteri, Datuk Seri Najib Razak meninggalkan ... Kuala Lumpur 
selepas diikat jamin atas empat pertuduhan pecah amanah dan ...",,,,0.1988816498622957,,,,,,,,Fake,0.028310047,0.97168994,,
,,"4 Jul 2018 ... Anak bekas Perdana Menteri, Datuk Seri Najib Razak, Nooryana Najwa Najib, 
Norashman Najib serta menantunya Daniyar Kessibayev hadir ...",,,,0.16439941945587142,,,,,,,,Real,0.89445084,0.10554915,,
,,"4 Jul 2018 ... Hakim Mohd Sofian Abd Razak membenarkan Najib diikat jamin sebanyak RM1 
juta dengan dua orang penjamin dan memerintahkan Najib ...",,,,0.23959666586475215,,,,,,,,Real,0.98897845,0.011021614,,
,,"4 Jul 2018 ... BEKAS Perdana Menteri, Datuk Seri Najib Razak meninggalkan ... Lumpur 
selepas diikat jamin dan pulang ke kediamannya di Jalan Langgak ...",,,,0.20337343600217786,,,,,,,,Real,0.7382699,0.26173016,,
kfc tidak halal,Fake,"3 Feb 2018 ... SELEPAS Afzal Lokhandwala membuka francais KFC pertamanya pada 2002, 
dia mula mempromosikan restorannya itu ada menggunakan ...",Fake,1,10,0.09259398970669827,1,0.041666666666666664,Real,10,0,8.946103036403656,1.053896939381957,Real,0.9713288,0.028671263,1,0.041666666666666664
,,"22 Apr 2018 ... Pengurus Besar Bahagian Halal dan Syariah QSR Brands (M) Holdings Bhd, ... ""
Apabila syarikat sudah bersedia dari segala sudut, kita tidak akan ... 
Penggunaan ayam mentah untuk kegunaan KFC dan Pizza Hut pula ...",,,,0.15191545402989914,,,,,,,,Real,0.9818994,0.018100582,,
,,"6 Jul 2016 ... Dalam pada itu, berhubung dakwaan sesetengah pihak di internet tentang 
hidangan McDonald's seperti sos tidak halal, kopi mengandungi ...",,,,0.1079153335693041,,,,,,,,Real,0.6505971,0.34940293,,
,,"26 Mac 2010 ... GAMBAR menunjukkan restoran Kentucky Fried Chicken halal di Burton-on-
Trent, ... Pekerja restoran itu memberitahu daging halal tidak boleh ...",,,,0.16667220556623003,,,,,,,,Real,0.9527525,0.047247548,,
,,"15 Feb 2015 ... Ia adalah tidak perlu dan tidak sesuai, "" kata seorang lagi ahli perniagaan yang 
menguruskan sebuah restoran tidak halal, namun enggan ...",,,,0.190045128833575,,,,,,,,Real,0.9695775,0.03042251,,
,,"12 Jul 2018 ... “Saya sudah syak dari awal hidangan menu pada majlis itu tidak halal sehingga 
pelayan menghidangkan menu daging khinzir di atas meja ...",,,,0.09802277980423277,,,,,,,,Real,0.9831314,0.016868582,,
,,"26 Okt 2015 ... Ini tidak termasuk restoran KFC kita di India yang baru sahaja kita lepaskan,” 
katanya dalam sidang ... Kita tahu halal dan haramnya,” katanya.",,,,0.16349253881352496,,,,,,,,Real,0.9872917,0.012708257,,
,,"6 Ogos 2011 ... KUCHING 5 Ogos - Semua pengusaha kek lapis Sarawak yang terkenal di 
negeri ini tidak menggunakan mentega Golden Churn Creamy ...",,,,0.04026705422605646,,,,,,,,Real,0.9914647,0.008535312,,
,,"30 Mac 2016 ... Namun begitu Malaysia tidak tersenarai dalam 10 negara terbaik ... Pengurus 
Besar QSR Brand and KFC Holdings Malaysia Berhad, Mohd.",,,,0.12417754740743407,,,,,,,,Real,0.5532836,0.4467164,,
,,"25 Jan 2018 ... ""Penggunaan sijil halal JAKIM tanpa kebenaran, bukan hanya salah disisi ... 
Tidak Boleh Iklan Halal Pada Ayam KFC Di Illinois - Hakim. Sabtu ...",,,,0.2491875087615478,,,,,,,,Real,0.90477645,0.09522355,,
vietnam menang dalam piala aff suzuki 2018,Real,"11 Dis 2018 ... 'Harimau' muncul sebelum perlawanan gamatkan suasana di... SUKAN ... “Saya 
harap Malaysia menang, mungkin satu, dua gol pun cukuplah”. ... Malaysia 
kempunan, Vietnam julang trofi Piala AFF Suzuki 2018. Sabtu, 15 ...",Real,5,6,0.19686599141327588,2,0.08333333333333333,Fake,5,5,4.664450243115425,5.33554995059967,Fake,0.48198584,0.51801413,1,0.041666666666666664
,,"9 Dis 2018 ... ... Piala AFF Suzuki 2018 antara Malaysia menentang Thailand di ... yang 
menyaksikan Vietnam menang 2-0 dalam pertembungan di Hanoi.",,,,0.37532250822980895,,,,,,,,Real,0.70029926,0.29970077,,
,,"4 hari yang lalu ... PENYOKONG Malaysia bersorak ketika perlawanan akhir pertama Piala AFF 
Suzuki 2018 diantara Malaysia menentang Vietnam di Stadium ...",,,,0.17707711830839895,,,,,,,,Fake,0.043328173,0.9566719,,
,,"5 hari yang lalu ... ... Piala AFF Suzuki 2018 di antara Malaysia menentang Vietnam di ... boleh 
menang ke atas Vietnam dalam final kedua Piala AFF 2018 di ...",,,,0.4615165934354356,,,,,,,,Fake,0.17090152,0.8290985,,
,,"11 Dis 2018 ... Final Piala AFF: Dr Mahathir harap Harimau Malaya menang ... final Piala AFF 
Suzuki 2018 menentang Vietnam di Stadium Nasional Bukit Jalil ...",,,,0.3198517341658881,,,,,,,,Real,0.56030786,0.4396921,,
,,"6 Dis 2018 ... PASUKAN Malaysia berdepan dengan Vietnam pada aksi akhir Piala AFF 
Suzuki 2018.",,,,0.2861514790065658,,,,,,,,Fake,0.33941337,0.6605867,,
,,"5 Dis 2018 ... Malaysia bakal menentang Vietnam atau Filipina di pentas akhir pada 11 dan 15 
... pasukan kita pada aksi separuh akhir kedua Piala Suzuki AFF 2018 ... 
Harimau Malaya mara ke final, kata Safawi “Dah lama tak menang di.",,,,0.18198071438538158,,,,,,,,Fake,0.07473584,0.9252642,,
,,"20 Nov 2018 ... ... 0-0 antara Myanmar dan Vietnam dalam aksi Kumpulan A Piala AFF 2018 di 
Yangon, ... pasukan Myanmar dalam kempen Piala AFF Suzuki 2018. ... dengan 
tiada pilihan kecuali menang atau bakal ditunjukkan jalan keluar ...",,,,0.37087100404960704,,,,,,,,Real,0.8503376,0.14966232,,
,,"10 Dis 2018 ... KUALA LUMPUR: Penyokong skuad Harimau Malaya boleh membeli tiket final 
kedua Piala AFF Suzuki 2018 di antara Malaysia dan Vietnam ...",,,,0.21030412339346016,,,,,,,,Real,0.69588757,0.30411246,,
,,"10 Dis 2018 ... Malah, berdasarkan rekod dalam dua pertemuan terakhir Piala AFF, ... Malaysia 
pada aksi peringkat kumpulan – menang 1-0 pada 2016 dan ...",,,,0.21877107972043194,,,,,,,,Real,0.7472532,0.25274685,,
malaysia kalah dalam piala aff suzuki 2018,Real,"4 hari yang lalu ... KUALA LUMPUR: Impian pasukan Malaysia menjulang trofi Piala AFF Suzuki 
buat kali kedua tidak kesampaian apabila tewas di tangan ...",Fake,2,9,0.12434466195114464,2,0.08333333333333333,Fake,5,5,5.4441855028271675,4.555814551189542,Fake,0.05183022,0.94816977,1,0.041666666666666664
,,"2 Mei 2018 ... Skuad Harimau Malaya mendapat laluan mudah untuk sekurang-kurangnya 
mara ke peringkat kalah mati pada kejohanan Piala AFF Suzuki ...",,,,0.21800695898901273,,,,,,,,Real,0.87998533,0.120014615,,
,,"30 Nov 2018 ... ... akhir Piala Persekutuan Bola Sepak Asean (AFF) Suzuki 2018. ... B dengan 
rekod tanpa kalah dalam empat perlawanan dilihat sebagai ...",,,,0.3213975029255097,,,,,,,,Real,0.96796286,0.03203717,,
,,"5 Dis 2018 ... ... Malaysia mengulangi kejayaan mara pentas akhir Piala AFF Suzuki apabila ... 
Kali terakhir Malaysia mara ke final pada tahun 2014, namun tewas di ... pasukan 
kita pada aksi separuh akhir kedua Piala Suzuki AFF 2018 ...",,,,0.2368804478103952,,,,,,,,Fake,0.23617733,0.76382273,,
,,"4 hari yang lalu ... ... tandukan pemain Malaysia, Aidil Zafuan pada perlawanan akhir kedua Piala 
Suzuki AFF 2018 di Stadium My Dinh Vietnam. ... Piala AFF buat kali kedua 
berkubur di Hanoi apabila tewas 0-1 kepada Vietnam pada aksi final ...",,,,0.16027710227790165,,,,,,,,Fake,0.0983312,0.9016688,,
,,"16 Nov 2018 ... Penyerang Malaysia, Shahrel Fikri Fauzi (kiri) dihalang pertahanan ... Suzuki 
Piala AFF 2018 di Stadium Nasional My Dinh di Hanoi pada 16 November. ... 
Piala AFF 2018 tercalar apabila tewas 0-2 kepada pasukan pilihan, ...",,,,0.2034975362094763,,,,,,,,Real,0.93499744,0.06500252,,
,,"Piala AFF: Akuilah, Vietnam lebih hebat (Malaysia 0-1 Vietnam). Israr Khalid, 
Astro Awani | Diterbitkan pada Disember 15, 2018 22:25 MYT ... Malaysia tewas 
0-1 (agregat 2-3) kepada Vietnam dalam perhitungan terakhir yang ... Tag: 
Malaysia, Asia, Piala AFF, Piala AFF Suzuki, Vietnam, Naga Emas, Harimau 
Malaya, ...",,,,0.24338700637934219,,,,,,,,Fake,0.28259647,0.71740353,,
,,"24 Nov 2018 ... ANTOINE Hey pada perlawanan menentang pasukan Malaysia dalam kumpulan 
A pada Kejohanan Piala AFF Suzuki 2018 di Stadium ...",,,,0.28572118209952024,,,,,,,,Real,0.97936,0.02064006,,
,,"17 Nov 2018 ... ... akhir Piala AFF 2018 apabila tewas 0-2 kepada pasukan tuan rumah di ... 
forward Nguyen Cong Phuong (red-L) during the 2018 AFF Suzuki ...",,,,0.1830069691288799,,,,,,,,Real,0.97029155,0.029708507,,
,,"4 hari yang lalu ... Jaringan awal Vietnam 'musnahkan' Malaysia - Cheng Hoe ... yang 
direncanakan beliau dalam aksi final kedua Piala AFF Suzuki 2018 di antara 
Malaysia dengan Vietnam, Sabtu malam. ... BACA: Harimau Malaya tewas?",,,,0.21632527378855035,,,,,,,,Fake,0.042653117,0.95734686,,
adib meninggal dunia,Real,"2 hari yang lalu ... SHAH ALAM: Kerajaan Selangor turut berdukacita atas pemergian anggota 
bomba, Muhammad Adib Mohd Kassim yang cedera parah dipukul ...",Fake,2,9,0.051260350507692114,2,0.08333333333333333,Fake,9,1,7.562243700027466,2.4377564191818237,Real,0.8943739,0.105626084,1,0.041666666666666664
,,"2 hari yang lalu ... ""Dukacita dimaklumkan Pegawai Bomba Muhammad Adib Kassim telah 
meninggal dunia di Institut Jantung Negara pada jam 9.41 pm.",,,,0.219796327614669,,,,,,,,Real,0.952083,0.047917027,,
,,"2 hari yang lalu ... KUALA LUMPUR: Anggota bomba, Muhammad Adib Mohd Kassim yang cedera 
... Adib meninggal dunia: Kerajaan Selangor berdukacita.",,,,0.3395035899968176,,,,,,,,Real,0.6473898,0.35261017,,
,,"2 hari yang lalu ... KUALA LUMPUR 17 Dis. - Anggota Jabatan Bomba dan Penyelamat Malaysia (
JBPM), Muhammad Adib Mohd. Kassim, 24, menghembuskan ...",,,,0.05130547589289717,,,,,,,,Real,0.6414095,0.35859048,,
,,"2 hari yang lalu ... Anggota Bomba, Muhammad Adib Mohd Kassim yang parah dipukul bulan lalu, 
disahkan meninggal dunia pada pukul 9.41 malam di Institut ...",,,,0.23282756133877597,,,,,,,,Real,0.9625369,0.03746313,,
,,"2 hari yang lalu ... Muhammad Adib, 24, disahkan meninggal dunia pada jam 9.41 malam tadi 
selepas tiga minggu bertarung nyawa akibat cedera parah ...",,,,0.20761488007101975,,,,,,,,Fake,0.36497492,0.6350251,,
,,"1 hari yang lalu ... ALOR SETAR: Anggota bomba Allahyarham Muhammad Adib Mohd Kassim, 24, 
yang meninggal dunia malam tadi diberikan kenaikan ...",,,,0.23397375288128847,,,,,,,,Real,0.73151267,0.26848742,,
,,"1 hari yang lalu ... BERIKUT adalah kronologi kes kematian Muhammad Adib Mohd Kassim: ... 
Muhammad Adib disahkan meninggal dunia jam 9.41 malam.",,,,0.28406580909915996,,,,,,,,Real,0.85165167,0.14834832,,
,,"2 hari yang lalu ... Sidang media Menteri Perumahan dan Kerajaan Tempatan, Zuraida Kamaruddin 
di Institut Jantung Negara berkenaan kes Muhammad Adib ...",,,,0.04710012591649754,,,,,,,,Real,0.9380231,0.061976988,,
,,"2 hari yang lalu ... Buletin AWANI Khas: Anggota bomba Muhammad Adib Mohd Kassim meninggal 
dunia | Berita Terkini, foto dan video, dunia dan Malaysia.",,,,0.28540483412743556,,,,,,,,Real,0.57828826,0.4217117,,
tun dr mahathir mati,Fake,"27 Apr 2018 ... Tun Dr Mahathir Mohamad mendakwa ada pihak yang mahu melihatnya 
terkorban dalam nahas pesawat ke Langkawi untuk berkempen ...",Real,3,8,0.12928763382234243,2,0.08333333333333333,Fake,9,1,9.18850776553154,0.8114925116533414,Real,0.914652,0.085348085,2,0.08333333333333333
,,"4 Mei 2018 ... Tun Dr Mahathir Mohamed hari ini memohon maaf susulan ... apabila membuat 
kenyataan bahawa mangsa tragedi Memali sebagai mati katak.",,,,0.21751901680051067,,,,,,,,Real,0.9967374,0.003262628,,
,,"15 Okt 2018 ... KUALA LUMPUR: Tun Dr Mahathir Mohamad mempertahankan hukuman mati 
mandatori di negara ini masih kekal dan belum dimansuhkan.",,,,0.2079892292270828,,,,,,,,Real,0.9988538,0.0011461863,,
,,"4 Mei 2018 ... TUN Dr Mahathir Mohamad hari ini memohon maaf pada keluarga mangsa 
tragedi Memali atas keceluparannya yang menyebut mereka yang ...",,,,0.13925403095514066,,,,,,,,Real,0.99727017,0.002729845,,
,,"15 Okt 2018 ... KUALA LUMPUR 15 Okt. - Tun Dr. Mahathir Mohamad menegaskan, 
penghapusan hukuman gantung sampai mati hanya akan dilaksanakan ...",,,,0.19551831926991042,,,,,,,,Real,0.9986266,0.0013734461,,
,,"4 Mei 2018 ... KUALA TERENGGANU 4 Mei - Pas memaafkan bekas Pengerusi PBPM, Tun Dr. 
Mahathir Mohamad berhubung keterlanjurannya dalam ...",,,,0.13942199124321958,,,,,,,,Real,0.99848276,0.0015173143,,
,,"5 Mei 2018 ... ... pembangkang PKR, Tun Dr. Mahathir Mohamad menyamakan mangsa-
mangsa yang terkorban dalam tragedi Memali sebagai 'mati katak'.",,,,0.24360186423419383,,,,,,,,Real,0.99877673,0.0012232448,,
,,"3 Mei 2018 ... TUN Dr Mahathir Mohamad mendakwa 14 mangsa yang terkorban dalam tragedi 
berdarah Memali pada 1985 sebagai 'mati katak', bukan mati ...",,,,0.3015270070079794,,,,,,,,Real,0.99711776,0.0028823128,,
,,"4 Mei 2018 ... TUN Dr. Mahathir Mohamad ketika menjawab soalan para wartawan ... 'mati 
katak', calon Perdana Menteri sementara PKR, Tun Dr. Mahathir ...",,,,0.35975073560333215,,,,,,,,Real,0.9978613,0.0021386344,,
,,"25 Sep 2018 ... Perdana Menteri Tun Dr Mahathir Mohamad berkata individu yang ... beliau 
menyokong hukuman mati bagi pemimpin yang melakukan rasuah ...",,,,0.2035407548174663,,,,,,,,Fake,0.2901292,0.7098708,,
najib mati,Fake,"23 Ogos 2015 ... Ketua UMNO Bahagian Kepong, Datuk Rizuan Abd Hamid menegaskan beliau 
akan berjuang bersama presiden partinya, Datuk Seri Najib ...",Fake,1,10,0.05388417851793913,3,0.125,Real,10,0,9.482348144054413,0.5176517507061362,Real,0.984861,0.015138951,2,0.08333333333333333
,,"15 Okt 2018 ... Itu persoalan yang dibangkitkan bekas Perdana Menteri, Datuk Seri Najib Tun 
Razak hari ini terhadap kerajaan PH khususnya Menteri ...",,,,0.05650643629920731,,,,,,,,Real,0.9973016,0.002698443,,
,,"21 Okt 2009 ... PUTRAJAYA Ahmad Najib Aris yang dijatuhi hukuman mati kerana kesalahan 
membunuh penganalisis teknologi maklumat Canny Ong Lay ...",,,,0.13443934332190102,,,,,,,,Real,0.9991698,0.00083014066,,
,,"12 Jul 2018 ... Perbuatan menyunting gambar Najib dengan berlatar belakang ... sebagai 
memberi maksud yang Najib sudah mati dan dikuburkan di situ.",,,,0.22016867350512465,,,,,,,,Real,0.8701448,0.12985519,,
,,"11 Jul 2018 ... Gambar Najib yang disunting dengan berlatar belakang kubur Cina ... sebagai 
memberi maksud yang Najib sudah mati dan dikuburkan di situ.",,,,0.2095420393946308,,,,,,,,Real,0.6813459,0.31865406,,
,,"7 Jul 2015 ... ... pengasas AmBank Hussein Ahmad Najadi yang ditembak mati di ... tiada apa 
yang perlu disembunyikan Najib dalam skandal 1MDB ini dan ...",,,,0.1327801788088965,,,,,,,,Real,0.9646792,0.035320822,,
,,"11 Jan 2016 ... KUALA LUMPUR: Perdana Menteri, Datuk Seri Najib Tun Razak berkata ... 
serangan bom berani mati di Iraq dan Syria, yang mengakibatkan ...",,,,0.15348562652817516,,,,,,,,Real,0.99578995,0.004210039,,
,,"17 Ogos 2017 ... Reformasi dah mati, 'Mahafiraun' kini didakap jadi pengerusi - PM Najib. Datuk 
Seri Najib Tun Razak berkata sudah tiba masanya rakyat di ...",,,,0.18847171504305826,,,,,,,,Real,0.99688005,0.00311993,,
,,"11 Jan 2016 ... KUALA LUMPUR: Perdana Menteri, Datuk Seri Najib Tun Razak ... rakyat 
Malaysia dilaporkan terbabit dalam serangan bom berani mati di Iraq ...",,,,0.14779070371781355,,,,,,,,Real,0.995774,0.00422609,,
,,"16 Jul 2018 ... Sebelum penahanan dilakukan, pihak tentera telah menembak mati Najib 
Pundog yang disyaki pembuat bom tidak jauh dari kawasan ...",,,,0.13441394737262885,,,,,,,,Real,0.9964019,0.0035980889,,
himpunan icerd tidak wujud,Fake,"8 Dis 2018 ... Peserta himpunan tolak ICERD penuhi sekitar Jalan Raja, Dataran ... Kerajaan 
Pakatan Harapan tidak akan meratifikasi ICERD dan akan terus ...",Fake,1,10,0.18474877993660768,4,0.16666666666666666,Real,10,0,9.225204229354858,0.7747957287356257,Real,0.9289262,0.07107375,2,0.08333333333333333
,,"9 Dis 2018 ... ""Penganjur seolah-olah membesar-besarkan isu yang tidak wujud kerana ... 
Kaum (ICERD) sebagai satu perkembangan politik yang bahaya.",,,,0.13666963050976214,,,,,,,,Real,0.8253383,0.1746617,,
,,"21 Nov 2018 ... Mohamad Fuzi berkata, masyarakat dinasihat untuk tidak membuat sebarang ... 
menjaga ketenteraman awam seterusnya memastikan tidak wujud sebarang ... 
Polis rakam percakapan penganjur himpunan bantah ICERD ...",,,,0.21222683061745545,,,,,,,,Real,0.9902525,0.009747507,,
,,"30 Nov 2018 ... Himpunan kesyukuran terhadap penolakan Konvensyen Antarabangsa ... Kaum 
(ICERD) pada 8 Disember ini tidak akan dibatalkan meskipun ...",,,,0.1552266049270446,,,,,,,,Real,0.9910896,0.008910398,,
,,"8 Dis 2018 ... Pada 23 November lepas, Pejabat Perdana Menteri dalam satu kenyataan 
berkata, kerajaan Pakatan Harapan tidak akan meratifikasi ICERD ...",,,,0.08408146707258958,,,,,,,,Real,0.7426365,0.25736356,,
,,"23 Sep 2018 ... KUALA LUMPUR - Parti Keadilan Rakyat (PKR) tidak menolak kemungkinan 
terdapat unsur sabotaj untuk ... Tidak tolak wujud unsur sabotaj imej PKR ... 
Himpunan ICERD: PDRM siap siaga hadapi sebarang kemungkinan.",,,,0.18384929551847448,,,,,,,,Real,0.9905537,0.009446283,,
,,"8 Dis 2018 ... KUALA LUMPUR: “Negara luar tidak perlu campur tangan urus tadbir Malaysia. 
... bahawa umat Islam dan Melayu tidak akan berdiam diri jika wujud anasir ... 
Jika kerajaan tidak mengambil berat suara Himpunan ini, UMNO, Pas serta ... 
pilihan raya umum, Himpunan 812, Daulat 812, Himpunan ICERD ...",,,,0.24587863779560554,,,,,,,,Real,0.8806959,0.11930412,,
,,"Himpunan ICERD: Mula berkumpul depan Sogo. NURUL KHAIRIAH MOHAMED. 
08 Disember 2018 1:22 PM. Peserta ICERD mula bergerak ke pusat bandar 
tengah hari ini. Foto oleh ZAINI HUSIN ... Tidak tolak wujud unsur sabotaj imej 
PKR.",,,,0.174914776227295,,,,,,,,Real,0.9393799,0.060620155,,
,,"21 Nov 2018 ... Guna saluran betul suarakan pendapat ICERD - KPN ... 2012 sekiranya ingin 
mengadakan himpunan bantahan Konvensyen Antarabangsa ... memastikan 
tidak wujud sebarang bentuk pelanggaran undang-undang ataupun ...",,,,0.16848248077385053,,,,,,,,Real,0.9911118,0.008888141,,
,,"2 Dis 2018 ... 20,000 rakyat Terengganu dijangka sertai himpunan ICERD ... Himpunan ini 
juga terbuka, tidak kira mereka dari PKR atau parti mana, boleh hadir. ... 
Dakwaan wujud konflik, cubaan guling MB Terengganu fitnah semata.",,,,0.19031315227104706,,,,,,,,Real,0.9452199,0.054780122,,
tun dr mahathir perdana menteri ke-7,Real,"10 Mei 2018 ... KUALA LUMPUR: Tun Dr Mahathir Mohamad mengangkat sumpah sebagai 
Perdana Menteri Malaysia ke-7 di hadapan Yang di Pertuan ...",Real,6,5,0.39181351802928954,5,0.20833333333333334,Fake,9,1,8.90381944552064,1.0961806261911988,Real,0.9955788,0.0044211666,2,0.08333333333333333
,,"10 Mei 2018 ... KUALA LUMPUR: Tun Dr Mahathir Mohamad mengangkat sumpah sebagai 
perdana menteri di hadapan Yang di-Pertuan Agong Sultan ...",,,,0.1904867650944081,,,,,,,,Real,0.9956619,0.0043380754,,
,,"11 Mei 2018 ... PERDANA Menteri ke-7 yang baru di lantik Tun Dr. Mahathir Mohamad bersama 
barisan pemimpin Pakatan Harapan, pada sidang akhbar di ...",,,,0.3248776368076665,,,,,,,,Real,0.9811514,0.018848639,,
,,"10 Mei 2018 ... KUALA LUMPUR 10 Mei - Tun Dr. Mahathir Mohamad secara rasmi dilantik 
sebagai Perdana Menteri Malaysia yang ketujuh, malam ini.",,,,0.17849824726282157,,,,,,,,Real,0.9948165,0.005183562,,
,,"11 Mei 2018 ... PERDANA MENTERI, Tun Dr. Mahathir Mohamad bersama barisan pemimpin 
Pakatan Harapan, pada sidang akhbar di Yayasan Al-Bukhary ...",,,,0.17447530042943526,,,,,,,,Real,0.9875071,0.012492863,,
,,"8 Jan 2018 ... KUALA LUMPUR: Tun Dr Mahathir Mohamad akan memastikan Datuk ... Dr 
Mahathir menjadi Perdana Menteri Ke-7, manakala Anwar akan ...",,,,0.39083810241513317,,,,,,,,Real,0.9618396,0.038160384,,
,,"10 Mei 2018 ... Perdana Menteri Malaysia ke-7, Tun Mahathir Mohamad akan ... KUALA 
LUMPUR: Tun Dr Mahathir Mohamad akan hadir di Istana Negara ...",,,,0.42242218681278143,,,,,,,,Real,0.95792264,0.042077366,,
,,"11 Mei 2018 ... TARIKH keramat Khamis 10 Mei, Tun Dr Mahathir Mohamad dilantik sebagai 
Perdana Menteri Malaysia yang ketujuh selepas 15 tahun ...",,,,0.1769873224925842,,,,,,,,Real,0.99533504,0.004665001,,
,,"11 Mei 2018 ... Sejurus selepas Tun Dr Mahathir Mohamad mengangkat sumpah menjadi 
Perdana Menteri ketujuh, rakyat luah rasa bangga akan detik yang ...",,,,0.17071804497253634,,,,,,,,Real,0.99616027,0.0038396572,,
,,"18 Sep 2018 ... Perdana Menteri Tun Dr Mahathir Mohamad memuat naik video terbaharu ... 
memaparkan perjalanan beliau selepas dilantik menjadi PM ke-7.",,,,0.3070887704325024,,,,,,,,Fake,0.03784615,0.9621539,,
anwar bakal ganti mahathir,Real,"14 Okt 2018 ... Kita ingin tahu apakah kemenangan Anwar, yang bakal ganti Tun Dr. Mahathir 
Mohamad sebagai Perdana Menteri (PM), akan membawakan ...",Fake,2,9,0.3034288683973744,5,0.20833333333333334,Real,10,0,9.806562721729279,0.1934371953830123,Real,0.9408435,0.059156414,3,0.125
,,"8 Jan 2018 ... KUALA LUMPUR: Tun Dr Mahathir Mohamad akan memastikan Datuk ... dikitar 
semula menjadi bakal Perdana Menteri oleh musuh ketatnya sendiri. Katanya, 
selepas Anwar kekal dalam penjara, Dr Mahathir akan mencari ...",,,,0.1186150340578458,,,,,,,,Real,0.9760157,0.02398431,,
,,"23 Jun 2018 ... Sudah pasti Anwar dilihat bakal memimpin Malaysia melalui ... Banyak pihak 
melihat pengaruh Mahathir berjaya membawa Pakatan Harapan ...",,,,0.1144358063875641,,,,,,,,Real,0.9976755,0.0023245378,,
,,"6 Ogos 2018 ... BACA: Anwar akan tanding kerusi Parlimen - Wan Azizah ... Anwar yang 
dikatakan bakal menggantikan Perdana Menteri, Tun Dr Mahathir Mohamad 
perlu memenangi kerusi Parlimen sebelum dapat dilantik sebelum dapat ...",,,,0.11328520087126269,,,,,,,,Real,0.98231816,0.017681895,,
,,"27 Sep 2018 ... “Saya fikir Anwar bakal menjadi perdana menteri tetapi saya fikir kita perlu 
memberi tumpuan terhadap Malaysia, pasca Tun Mahathir dan ...",,,,0.09856889745866136,,,,,,,,Real,0.98018426,0.019815763,,
,,"8 Jan 2018 ... SEREMBAN: Pakatan pembangkang ketandusan calon sehingga terpaksa 
menerima Tun Dr Mahathir Mohamad sebagai calon Perdana ...",,,,0.031286847394409074,,,,,,,,Real,0.97001046,0.029989472,,
,,"13 Ogos 2018 ... ""Beberapa pihak yang telah menganiaya Anwar sebelum ini berkonspirasi ... 
telah bersetuju bahawa Dr Mahathir akan dijadikan Perdana Menteri jika 
gabungan .... Uqasha Senrose gementar pertama kali bakal tunai umrah.",,,,0.08729593116414504,,,,,,,,Real,0.9952179,0.0047820574,,
,,"18 Jul 2016 ... Pembentukan pakatan pembangkang baru oleh Tun Dr Mahathir hanya ... Tun 
Mahathir: Sejarah penyingkiran Anwar Ibrahim bakal berulang - ...",,,,0.15109924977521144,,,,,,,,Real,0.9791597,0.020840246,,
,,"4 Jun 2018 ... Ketua Umum Pakatan Harapan (Harapan), Datuk Seri Anwar Ibrahim mengakui 
gusar dan risau sama ada Perdana Menteri Tun Dr Mahathir ...",,,,0.06843082414644179,,,,,,,,Real,0.9957248,0.0042751567,,
,,"29 Jun 2018 ... “Beliau (Wan Azizah) akan melepaskan jawatan (selepas Tun Mahathir letak 
jawatan). Kami belum putuskan siapa bakal Timbalan Perdana ...",,,,0.06754812076559671,,,,,,,,Real,0.9894127,0.010587344,,
cadburry diperbuat daripada babi,Fake,"29 Mei 2014 ... PUTRAJAYA: Hukum produk Cadbury yang disahkan halal sebelum didakwa ... 
DNA babi dikesan dalam sampel coklat susu dengan kacang Hazel bernombor 
... Beliau berkata pendekatan hukum yang dibuat Muzakarah ... DNA bahan yang 
diharamkan seperti babi boleh dikawal dari peringkat awal ...",Fake,1,2,0.05975923167321628,6,0.25,Real,2,0,1.994882345199585,0.005117641645483673,Real,0.9965952,0.0034047426,3,0.125
,,"3 Jun 2014 ... Proses memberikan status halal kepada sesuatu produk dibuat setelah ... 
adanya DNA babi (porcine) dalam dua produk coklat susu Cadbury Dairy Milk. ... 
oleh Jabatan Kimia ke atas sampel yang diambil dari kilang.",,,,0.035381760087714695,,,,,,,,Real,0.99828714,0.0017128991,,
sushiking haram dimakan,Fake,"9 Dis 2014 ... ... ujian saringan kesihatan, namun apa yang lebih membimbangkan ialah '
kuman penyakit' dibawa pendatang yang masuk secara haram.",Fake,1,6,0.09714170845126537,7,0.2916666666666667,Real,6,0,5.582786798477173,0.4172131707891822,Real,0.9960069,0.003993086,3,0.125
,,"18 Jul 2018 ... KUALA LUMPUR: Cukai Jualan dan Perkhidmatan (SST) dijangka lebih 
memanfaatkan dan kurang membebankan pengguna berbanding ...",,,,0.0,,,,,,,,Real,0.9972555,0.0027445052,,
,,"23 Jul 2012 ... ... Malas memasak atau tidak mahu keluar makan kerana jalan sesak, kini ... O'
Brien, Sushi King, JM Beriyani, Bumbu Desa dan Chicken King.",,,,0.0,,,,,,,,Real,0.6002853,0.39971474,,
,,"22 Mei 2017 ... Kali pertama mendapat serangan asma, Dr Shazril Ezzany Mokhtar mengakui 
dia tidak boleh melelapkan mata. Semua yang ada di ...",,,,0.0,,,,,,,,Real,0.9978867,0.0021132564,,
,,"15 Feb 2017 ... Asalkan anak isterinya hidup selesa, dapat makan yang enak-enak, dapat ... itu 
semalam kerana membawa anak-anaknya makan di Sushi King dan ... Kalau kita 
jenis manusia yang tidak boleh tepati janji, adalah lebih baik ...",,,,0.0,,,,,,,,Real,0.9973482,0.0026517955,,
,,"12 Jun 2018 ... ... tebusan barangan eksklusif yang tidak boleh dibeli dengan wang dan hadiah 
... Tingkat tiga - baucar makan malam bernilai RM50 diberikan untuk ... Mr. Tuk 
Tuk, Sushi King, Johnny's Restaurant, Sukiya, Spag &Jus, Ori ...",,,,0.0,,,,,,,,Real,0.9940042,0.0059957895,,
sri serdang banjir tahun ini,Fake,"5 Sep 2012 ... Antara kawasan yang teruk dilanda banjir ialah Taman Sri Serdang, Stesen ... 
Banjir petang ini turut menyebabkan laluan di sepanjang Lebuh ...",Fake,1,10,0.23989786695770957,8,0.3333333333333333,Fake,7,3,6.457308977842331,3.542691169306636,Fake,0.08158645,0.9184135,4,0.16666666666666666
,,"5 Sep 2012 ... Pelajar & Guru Terperangkap Dalam Banjir Kilat Di Serdang ... Sementara itu, 
Pengerusi Rukun Tetangga Taman Sri Serdang Khalid Lambak berkata air mula 
surut sejak pukul 7 ... Hui Yee Meninggal Dunia di Usia 19 Tahun.",,,,0.18973410545917968,,,,,,,,Real,0.81157184,0.18842813,,
,,"... Malaysia (SPRM) di Taman Setia Tropika, Seri Kembangan, dekat sini 
semalam. ... Jumlah mangsa banjir di negeri ini turun mendadak kepada 35 
orang daripada 12 ... berpunca daripada salah faham pihak Kuil Sri Maha 
Mariamman, Seafield, Subang ... Seorang wanita yang hamil enam bulan maut 
dalam kemalangan ...",,,,0.09461933664086779,,,,,,,,Fake,0.19949137,0.8005087,,
,,"13 Nov 2018 ... “Kami sudah membincangkan perkara ini enam bulan yang lepas dan ... 2018 di 
Universiti Putra Malaysia (UPM) Serdang di sini hari ini. ... Datuk Dr. Aini Ideris 
dan Pengerusi Malayan Flour Mills Bhd, Tan Sri Arshad Ayub.",,,,0.1282032258434438,,,,,,,,Real,0.9905571,0.009442874,,
,,"5 Feb 2013 ... Beliau yang juga Pengerusi BN Puchong berkata, bantuan ihsan ini ... banjir 
besar melanda penduduk kawasan Seri Serdang pada bulan ...",,,,0.13651350961017875,,,,,,,,Real,0.76340336,0.23659664,,
,,"KUALA LUMPUR - Penyanyi tersohor negara, Datuk Seri Siti Nurhaliza bakal 
kembali ... kali pertama mengadakan persembahan solo di situ 14 tahun yang 
lalu. ... banjir di Terengganu semakin pulih pada tengah hari ini susulan 
penutupan 10 .... Perkuburan Kampung Serdang Permai, Simpang Pulai di sini, 
kira-kira pukul ...",,,,0.12456786282596471,,,,,,,,Real,0.9900422,0.009957804,,
,,"8 Sep 2012 ... Sementara itu, Ahli Dewan Undangan Negeri (ADUN) Seri Serdang, ... tadahan 
banjir walaupun para penduduk membantah sejak tahun lalu.",,,,0.15786698677063093,,,,,,,,Real,0.98381424,0.016185833,,
,,"7 Sep 2012 ... Ini adalah ekoran daripada pembatalan projek tebatan banjir menghubungkan 
Sungai Klang hingga ke Sungai Langat tahun lalu, sekali ... Beliau mengulas 
kejadian banjir kilat yang melanda beberapa kawasan di sekitar Serdang dan ... ""
Kami juga berharap agar Menteri Besar Selangor, Tan Sri Abdul ...",,,,0.19912014447557655,,,,,,,,Real,0.91399914,0.08600091,,
,,"7 Sep 2012 ... SERDANG - Kira-kira 1,000 penduduk Taman Sri Serdang (TSS) di sini ... pernah 
berlaku dalam tempoh 30 tahun sejak kawasan ini dibuka.",,,,0.2386623952949009,,,,,,,,Fake,0.14540954,0.8545905,,
,,"8 Sep 2012 ... ""Sejak mereka memerintah lebih empat tahun lalu, tiada program menaik taraf ... 
""Banjir yang berlaku baru-baru ini paling serius dan saya lihat kerajaan ... Rabu 
lalu sehingga menyebabkan Taman Sri Serdang, Taman Sri ...",,,,0.2275950007296305,,,,,,,,Real,0.57743376,0.4225663,,
nurul izzah letak jawatan naib presiden pkr,Real,"2 hari yang lalu ... GEORGETOWN: Nurul Izzah Anwar hari ini mengumumkan peletakan jawatan 
sebagai Naib Presiden PKR serta mengundurkan diri daripada ...",Real,5,6,0.25685245717164684,9,0.375,Fake,0,10,1.7617495357990265,8.238250374794006,Fake,0.19381881,0.8061812,4,0.16666666666666666
,,"2 hari yang lalu ... TIMBALAN Ketua Cabang PKR Permatang Pauh, Dr Afif Bahardin. ... Nurul Izzah 
letak jawatan Naib Presiden, Pengerusi PKR Pulau Pinang.",,,,0.386596991750072,,,,,,,,Fake,0.46852592,0.53147405,,
,,"2 hari yang lalu ... Nurul Izzah Anwar meletak jawatan Naib Presiden PKR berkuat kuasa serta-
merta. | Berita Terkini, foto dan video, dunia dan Malaysia.",,,,0.2028563314892806,,,,,,,,Fake,0.19796161,0.80203843,,
,,"2 hari yang lalu ... KUALA LUMPUR: Peletakan jawatan Nurul Izzah Anwar sebagai Naib Presiden 
PKR dan Pengerusi PKR Pulau Pinang dipercayai ...",,,,0.3311500407983418,,,,,,,,Fake,0.09875086,0.9012492,,
,,"2 hari yang lalu ... PETALING JAYA: Nurul Izzah Anwar meletak jawatan Naib Presiden PKR dan 
melepaskan posisinya sebagai pengerusi PKR Pulau Pinang.",,,,0.28955861262669497,,,,,,,,Fake,0.18995623,0.81004375,,
,,"2 hari yang lalu ... KUALA LUMPUR 17 Dis. - Ahli Parlimen Permatang Pauh, Nurul Izzah Anwar 
meletakkan jawatannya sebagai Naib Presiden PKR dan ...",,,,0.1969510365643973,,,,,,,,Fake,0.09599833,0.9040016,,
,,"2 hari yang lalu ... AHLI Parlimen Permatang Pauh Nurul Izzah Anwar mengumumkan peletakan 
jawatan sebagai Naib Presiden PKR dan mengundurkan diri ...",,,,0.28887954570323415,,,,,,,,Fake,0.13710986,0.8628901,,
,,"2 hari yang lalu ... PKR Permatang Pauh terkejut, sedih Nurul Izzah letak jawatan ... Nurul Izzah 
Anwar, sebagai Naib Presiden PKR dan jawatan-jawatan lain ...",,,,0.600842770294184,,,,,,,,Fake,0.12688088,0.8731191,,
,,"2 hari yang lalu ... KUALA LUMPUR - Ahli Parlimen Permatang Pauh, Nurul Izzah Anwar hari ini 
mengumumkan peletakan jawatannya sebagai Naib Presiden ...",,,,0.164189980787909,,,,,,,,Fake,0.09233278,0.9076672,,
,,"1 hari yang lalu ... Jelasnya, dalam kes sebegini, berkemungkinan Nurul Izzah memilih untuk lebih 
fokus ... BACA: Nurul Izzah letak jawatan Naib Presiden PKR",,,,0.37086100975657793,,,,,,,,Fake,0.16041425,0.8395857,,
johor nafi ada ancaman tsunami bulan ini,Real,"18 Nov 2018 ... JOHOR BAHRU: Kerajaan negeri menafikan khabar angin kononnya akan 
berlaku ancaman tsunami di Johor pada bulan ini sepertimana ...",Real,8,3,0.2293741154300762,10,0.4166666666666667,Real,10,0,9.097674667835236,0.9023252930492163,Real,0.98891324,0.011086705,5,0.20833333333333334
,,"18 Nov 2018 ... JOHOR BAHRU - Kerajaan negeri menafikan khabar angin kononnya akan 
berlaku ancaman tsunami di Johor pada bulan ini sepertimana ...",,,,0.2293741154300762,,,,,,,,Real,0.98891324,0.011086705,,
,,"Topik mengenai tsunami, Berita Terkini, Foto, Video, Foto mengenai tsunami dan 
lihat perkembangan terkini, berita ... Johor nafi ada ancaman tsunami bulan ini.",,,,0.3390478878386901,,,,,,,,Real,0.97076505,0.02923496,,
,,"Dapatkan Berita tsunami dan cari tajuk utama berita terkini mengenai tsunami 
dari Astro Awani. Dapatkan berita ... Johor nafi ada ancaman tsunami bulan ini.",,,,0.327233406864619,,,,,,,,Real,0.86119646,0.13880351,,
,,"Johor nafi ada ancaman tsunami bulan ini. November 18, 2018. Menurut 
kenyataan Jabatan Meteorologi Malaysia, tiada ancaman tsunami kepada 
negara ini.",,,,0.410861412559379,,,,,,,,Real,0.93550825,0.0644917,,
,,"Topik mengenai johor, Berita Terkini, Foto, Video, Foto mengenai johor dan lihat 
perkembangan terkini, berita, ... Johor nafi ada ancaman tsunami bulan ini.",,,,0.33904788783869005,,,,,,,,Real,0.9328158,0.06718427,,
,,"28 Dis 2014 ... Jabatan Meteorologi nafi mesej tsunami di Pantai Timur Sabah ... Johor nafi ada 
ancaman tsunami bulan ini · Gempa bumi sederhana di ...",,,,0.3416569666543222,,,,,,,,Real,0.9341817,0.06581824,,
,,"Dapatkan Berita ancaman tsunami dan cari tajuk utama berita terkini mengenai 
ancaman tsunami dari Astro Awani. ... Johor nafi ada ancaman tsunami bulan ini.",,,,0.4496451406098508,,,,,,,,Real,0.52938545,0.4706146,,
,,"28 Ogos 2018 ... Keadaan ini mengakibatkan litupan awan berkurangan di negara kita, 
terutamanya di bahagian ... Johor nafi ada ancaman tsunami bulan ini.",,,,0.3004777637135552,,,,,,,,Real,0.9729505,0.02704954,,
,,"15 Feb 2016 ... ""Ia menyebabkan spesies kerang berbulu ini yang hidup berhampiran pantai 
bercampur sedikit ... Johor nafi ada ancaman tsunami bulan ini.",,,,0.2902359078426101,,,,,,,,Real,0.983045,0.01695505,,
"viral ""muhyiddin letak jawatan"" adalah palsu",Real,"30 Ogos 2018 ... Penyebaran berita palsu adalah satu kesalahan di bawah undang-undang 
negara dan tindakan tegas boleh diambil ke atas mereka yang ...",Real,7,4,0.06659005304560198,11,0.4583333333333333,Real,8,2,6.588187627494335,3.411812549456954,Real,0.59870976,0.40129024,6,0.25
,,"30 Ogos 2018 ... Nafi Muhyiddin letak jawatan Ahli Parlimen Pagoh ... Hafiz berkata, merujuk 
kepada mesej yang sedang viral mengenai peletakan jawatan ... ""Penyebaran 
berita palsu adalah satu kesalahan di bawah undang-undang ...",,,,0.23811050453586496,,,,,,,,Real,0.9695012,0.030498866,,
,,"Topik mengenai viral palsu, Berita Terkini, Foto, Video, Foto mengenai viral palsu 
dan lihat perkembangan terkini ... Viral 'Muhyiddin letak jawatan' adalah palsu.",,,,0.4777452868774278,,,,,,,,Real,0.90786034,0.09213966,,
,,"Presiden Bersatu itu menegaskan, nilai dan budaya buruk yang meresapi parti 
lawan itu akhirnya menerima ... Viral 'Muhyiddin letak jawatan' adalah palsu.",,,,0.23548388762475478,,,,,,,,Fake,0.06488858,0.93511146,,
,,"Maszlee berkata pertemuan itu akan berlangsung di Kementerian Pendidikan di 
sini pada pukul 6.30 petang. ... Viral 'Muhyiddin letak jawatan' adalah palsu.",,,,0.23259453990502624,,,,,,,,Real,0.60023165,0.3997684,,
,,"Dapatkan Berita berita palsu dan cari tajuk utama berita terkini mengenai berita 
palsu dari Astro Awani. ... Viral 'Muhyiddin letak jawatan' adalah palsu. Ogos 30 ...",,,,0.3660898961126632,,,,,,,,Fake,0.11307938,0.88692063,,
,,"Topik mengenai berita palsu, Berita Terkini, Foto, Video, Foto mengenai berita 
palsu dan lihat perkembangan ... Viral 'Muhyiddin letak jawatan' adalah palsu.",,,,0.38391231013286486,,,,,,,,Real,0.5765325,0.42346752,,
,,"Dapatkan Berita viral dan cari tajuk utama berita terkini mengenai viral dari Astro 
Awani. Dapatkan ... Viral 'Muhyiddin letak jawatan' adalah palsu. Ogos 30 ...",,,,0.393714754269516,,,,,,,,Real,0.88391334,0.11608664,,
,,"Dapatkan Barita berita viral dan cari tajuk utama berita terkini mengenai berita 
viral dari Astro Awani. Dapatkan ... Viral 'Muhyiddin letak jawatan' adalah palsu.",,,,0.37162436748260375,,,,,,,,Real,0.8849591,0.115040906,,
,,"Topik mengenai kes viral, Berita Terkini, Foto, Video, Foto mengenai kes viral 
dan lihat perkembangan terkini, ... Viral 'Muhyiddin letak jawatan' adalah palsu.",,,,0.3448614981262729,,,,,,,,Real,0.9885118,0.011488216,,
dewan rakyat lulus RUU mansuh akta anti berita tidak benar,Real,"16 Ogos 2018 ... Dewan Rakyat lulus RUU mansuh Akta Antiberita Tidak Benar ... yang berita 
tidak benar boleh ditangani di bawah undang-undang sedia ada, ...",Real,7,4,0.3993874588171954,12,0.5,Fake,4,6,4.228079607710242,5.77192035317421,Real,0.7761177,0.22388235,6,0.25
,,"16 Ogos 2018 ... Dewan Rakyat lulus RUU mansuh Akta Antiberita Tidak Benar ... perubahan 
dasar kerajaan yang berita tidak benar boleh ditangani di bawah ...",,,,0.41561982225705574,,,,,,,,Real,0.79686534,0.2031346,,
,,"12 Sep 2018 ... Dewan Rakyat luluskan Bajet 2018 · Dewan Rakyat lulus RUU Antiberita Tidak 
Benar · 'Pinda akta, bukan terus mansuh' · Akta Antiberita Tidak ...",,,,0.4248982011414977,,,,,,,,Fake,0.26282087,0.73717916,,
,,"3 Apr 2018 ... Suasana baru didalam Dewan Rakyat selepas menjalani proses ... Dewan 
Negara lulus RUU Antiberita Tidak Benar. Share ... RUU Anti-Berita Tidak Benar 
dibentang minggu depan ... 'Pinda akta, bukan terus mansuh'.",,,,0.4012619356860391,,,,,,,,Fake,0.17104976,0.8289503,,
,,"16 Ogos 2018 ... Beliau berkata demikian ketika membahaskan Rang Undang-undang (RUU) 
Antiberita Tidak Benar (Pemansuhan) 2018 di Dewan Rakyat, ...",,,,0.14465798442686104,,,,,,,,Fake,0.4009481,0.5990519,,
,,"12 Sep 2018 ... BACA: Dewan Rakyat lulus RUU mansuh Akta Antiberita Tidak Benar ... RUU itu 
yang bertujuan memansuhkan Akta Antiberita Tidak Benar ...",,,,0.4310176384148077,,,,,,,,Fake,0.038736034,0.9612639,,
,,"26 Mac 2018 ... RANG Undang-Undang (RUU) Antiberita Tidak Benar 2018 yang diluluskan ... 
Rabu lalu, dibentangkan untuk bacaan kali pertama di Dewan Rakyat hari ini. ... 
menangani penyebaran berita tidak benar, iaitu Anti-Fake News Bill 2017, ... Akta 
Mesin Cetak dan Penerbitan 1984 dan Akta Komunikasi dan ...",,,,0.22369145271957366,,,,,,,,Real,0.85249233,0.14750765,,
,,"21 Mac 2018 ... Rang Undang-Undang Anti Berita Tidak Benar bakal dibentangkan untuk 
bacaan kali pertama di Dewan Rakyat minggu hadapan selepas ia diluluskan 
oleh Kabinet hari ini. ... Pulau Pinang negeri pertama lulus had tempoh Ketua 
Menteri ... RUU bagi mansuh Akta Antiberita tidak benar diluluskan.",,,,0.26987418900758187,,,,,,,,Real,0.7630094,0.23699059,,
,,"Re: Action-Youth Engaged: Pemansuhan Akta Anti-Berita Tidak Benar adalah 
satu videos ... Dewan Rakyat lulus RUU mansuh Akta Antiberita Tidak Benar.",,,,0.5008663664531647,,,,,,,,Fake,0.02541116,0.9745889,,
,,"30 Mac 2018 ... AHMAD Zahid pada majlis Himpunan Sukarelawan Agensi Anti Dadah 
Kebangsaan ... Dewan Rakyat lulus RUU Antiberita Tidak Benar.",,,,0.24382161320155166,,,,,,,,Fake,0.14062889,0.85937107,,
polis nafi serbu apartmen mewah,Real,"13 Mei 2018 ... KUALA LUMPUR: Polis menafikan laporan beberapa portal berita yang 
mendakwa pasukan polis menyerbu sebuah apartmen mewah di Jalan ...",Real,8,3,0.1856981700719321,13,0.5416666666666666,Fake,7,3,6.92032322101295,3.0796769373118877,Real,0.99175465,0.008245385,6,0.25
,,"13 Mei 2018 ... KUALA LUMPUR: Polis menafikan dakwaan pihaknya melakukan serbuan di 
sebuah unit pangsapuri mewah, di sini, dipercayai milik ahli ...",,,,0.07189837185421158,,,,,,,,Real,0.9903071,0.009692916,,
,,"13 Mei 2018 ... KUALA LUMPUR: Polis menafikan laporan beberapa portal berita yang 
mendakwa pasukan polis menyerbu sebuah apartmen mewah di Jalan ...",,,,0.1856981700719321,,,,,,,,Real,0.99175465,0.008245385,,
,,"Dapatkan Berita polis serbu dan cari tajuk utama berita terkini mengenai polis 
serbu dari Astro Awani. Dapatkan ... Polis nafi serbu apartmen mewah. Mei 13 ...",,,,0.5364743535523337,,,,,,,,Fake,0.023860427,0.9761396,,
,,"Topik mengenai apartmen, Berita Terkini, Foto, Video, Foto mengenai ... Polis 
akan panggil Rosmah dalam masa terdekat ... Polis nafi serbu apartmen mewah.",,,,0.3107342020570378,,,,,,,,Real,0.9728822,0.027117716,,
,,"13 Mei 2018 ... ... dilakukan militan daish. Tag: bom, gereja, Surabaya, Jawa Timur, polis, angka 
korban ... Polis nafi serbu apartmen mewah. Apartmen mewah ...",,,,0.3663034669692798,,,,,,,,Real,0.99580413,0.0041958718,,
,,"Dapatkan Barita ketua polis kuala lumpur dan cari tajuk utama berita terkini 
mengenai ketua polis kuala lumpur dari Astro ... Polis nafi serbu apartmen 
mewah.",,,,0.3272212031766484,,,,,,,,Fake,0.042525552,0.95747447,,
,,"Dapatkan Barita serbu dan cari tajuk utama berita terkini mengenai serbu dari 
Astro Awani. Dapatkan berita ... Polis nafi serbu apartmen mewah. Mei 13, 2018.",,,,0.45210424401313476,,,,,,,,Real,0.89610595,0.10389411,,
,,"Dapatkan Barita laporan polis dan cari tajuk utama berita terkini mengenai 
laporan polis dari Astro Awani. Dapatkan ... Polis nafi serbu apartmen mewah. 
Mei 13 ...",,,,0.3786119669291832,,,,,,,,Fake,0.04152224,0.9584778,,
,,"Dapatkan Barita mewah dan cari tajuk utama berita terkini mengenai mewah dari 
Astro Awani. Dapatkan ... Polis nafi serbu apartmen mewah. Mei 13, 2018.",,,,0.4224252281119045,,,,,,,,Real,0.9738063,0.026193686,,
pdrm beri jaminan proses pilihan raya berjalan lancar,Real,"8 Mei 2018 ... KUALA LUMPUR: Polis Diraja Malaysia (PDRM) menyeru rakyat Malaysia yang 
layak mengundi supaya turun beramai-ramai menjalankan ...",Real,6,5,0.03561734833508398,14,0.5833333333333334,Fake,7,3,6.921469392254949,3.0785306822508574,Real,0.9907566,0.009243448,6,0.25
,,"28 Feb 2013 ... KUALA LUMPUR Polis memberi jaminan proses pengundian berjalan lancar 
dan pengundi tidak perlu berasa takut untuk melaksanakan ...",,,,0.14012828511996703,,,,,,,,Real,0.9877965,0.012203545,,
,,"3 Apr 2013 ... PDRM beri jaminan proses pilihan raya umum akan berjalan lancar dan tidak 
terganggu biarpun pada masa sama menangani Ops Daulat.",,,,0.3055954603313607,,,,,,,,Fake,0.47384754,0.52615243,,
,,"Dapatkan Barita berjalan dan cari tajuk utama berita terkini mengenai berjalan 
dari Astro Awani. ... PDRM beri jaminan proses pilihan raya berjalan lancar.",,,,0.4832655591135426,,,,,,,,Real,0.83827764,0.16172238,,
,,"Ketua Polis Negara, Tan Sri Mohamad Fuzi Harun berkata PDRM memberi 
komitmen yang tinggi ... PDRM beri jaminan proses pilihan raya berjalan lancar.",,,,0.3570972374568607,,,,,,,,Fake,0.0037706885,0.99622923,,
,,"Topik mengenai pilihanraya, Berita Terkini, Foto, Video, Foto mengenai 
pilihanraya dan lihat ... PDRM beri jaminan proses pilihan raya berjalan lancar. 
Mei 08 ...",,,,0.2858167410162972,,,,,,,,Real,0.9596619,0.04033812,,
,,"Dapatkan Barita berjalan dan cari tajuk utama berita terkini mengenai berjalan 
dari Astro Awani. ... PDRM beri jaminan proses pilihan raya berjalan lancar.",,,,0.4832655591135426,,,,,,,,Real,0.83827764,0.16172238,,
,,"PDRM beri jaminan proses pilihan raya berjalan lancar. Mei 08, 2018. Jangan 
ikut emosi dan jaga adab mengundi - Mufti videos · Jangan ikut emosi dan jaga ...",,,,0.23799162529950418,,,,,,,,Real,0.896569,0.10343097,,
,,"Dapatkan Barita pdrm dan cari tajuk utama berita terkini mengenai pdrm dari 
Astro Awani. Dapatkan ... PDRM beri jaminan proses pilihan raya berjalan lancar
.",,,,0.45207471402645616,,,,,,,,Real,0.91789025,0.082109794,,
,,"20 Sep 2018 ... SEREMBAN: Polis memberi jaminan proses Pilihan Raya Kecil (PRK) Parlimen 
P132 Port Dickson, pada 13 Oktober ini akan berjalan lancar ...",,,,0.20705824298381303,,,,,,,,Fake,0.014621668,0.9853784,,
malaysia juara piala aff suzuki 2010,Real,"Malaysia Juara Piala Suzuki AFF Buat Kali Pertama. Rabu, 29 Disember 2010 12
:00 AM. Oleh: SURYATI MOHD NOR. Pasukan Malaysia meraikan kejayaan ...",Real,3,8,0.2668633401399923,15,0.625,Fake,7,3,6.858913701027632,3.1410863446071744,Fake,0.20843793,0.79156214,6,0.25
,,"30 Dis 2010 ... Malaysia Juara Piala Suzuki AFF Buat Kali Pertama ... Piala AFF Suzuki: Lebih 
banyak skrin gergasi tayang siaran langsung Sabtu ini - Syed ...",,,,0.3503803067356901,,,,,,,,Fake,0.34198475,0.65801525,,
,,"6 Dis 2018 ... SEPANG: Kejayaan mara ke final Piala AFF Suzuki 2018 masih belum ... 
membantu Malaysia muncul juara Piala AFF Suzuki buat julung kali ...",,,,0.31409253334456927,,,,,,,,Real,0.6012121,0.39878786,,
,,"4 hari yang lalu ... Malaysia akan menentang Vietnam dalam final kedua di Hanoi pada ... KUALA 
LUMPUR: Bahang perlawanan akhir Piala AFF Suzuki 2018 turut ... Kali terakhir 
Harimau Malaya muncul juara Piala AFF Suzuki pada 2010.",,,,0.283652842389446,,,,,,,,Fake,0.05413994,0.9458601,,
,,"4 Nov 2018 ... Sepanjang 11 edisi sebelum ini, Malaysia hanya pernah sekali muncul juara 
Piala AFF Suzuki pada edisi 2010 yang mana ketika itu Cheng ...",,,,0.2268722365770618,,,,,,,,Real,0.99005765,0.009942293,,
,,"24 Nov 2018 ... Kemenangan ketiga itu meletakkan Malaysia yang juga juara 2010 di ... AFF 
Suzuki Cup 2018 antara Malaysia menentang Myanmar di Stadium Nasional 
Bukit Jalil. ... Piala AFF: Harimau Malaya gah layak separuh akhir ...",,,,0.23848268274353046,,,,,,,,Real,0.98755425,0.012445738,,
,,"27 Nov 2016 ... Ketua Jurulatih skuad Harimau Malaysia, Datuk Ong Kim Swee sedia ... edisi 
2010 ketika membantu Malaysia muncul juara Piala AFF Suzuki ...",,,,0.2827982781943007,,,,,,,,Real,0.9911479,0.00885214,,
,,"4 Dis 2018 ... Sebagai rekod, kali terakhir Malaysia menjulang Piala AFF Suzuki pada 2010 
menang secara garegat 4-2. Manakala ... Ronaldo sedia nikmati 'detik manis' 
Liga Juara-Juara selepas tewas kepada Young Boys. Khamis, 13 ...",,,,0.20341491864621628,,,,,,,,Real,0.75555265,0.24444732,,
,,"4 Nov 2018 ... Persatuan Bola Sepak Malaysia (FAM) dalam satu kenyataan ... membantu 
Malaysia muncul juara buat pertama kali pada edisi 2010 yang dihoskan ... Piala 
Suzuki AFF 2018 tampil dengan format baharu saingan peringkat ...",,,,0.2290580430649329,,,,,,,,Real,0.9896791,0.010320957,,
,,"19 Dis 2014 ... Malaysia muncul juara Piala AFF Suzuki buat pertama kalinya pada 2010 ketika 
di bawah kendalian bekas jurulatih, Datuk K. Rajagobal, ...",,,,0.24395610157781059,,,,,,,,Real,0.9391475,0.06085256,,
pakatan harapan menang pru 14,Real,"10 Mei 2018 ... PUTRAJAYA: Pakatan Harapan meraih majoriti mudah di Parlimen untuk 
membentuk kerajaan persekutuan yang baharu. Pengerusi ...",Real,3,8,0.08226982655166362,16,0.6666666666666666,Real,10,0,9.465136885643005,0.5348629530053586,Real,0.99641526,0.003584694,7,0.2916666666666667
,,"10 Mei 2018 ... PENYOKONG Pakatan Harapan berkumpul di luar perkarangan ... dan Parti 
Warisan Sabah (Warisan) menang dengan memperoleh 121 kerusi Parlimen. ... 
PRU-14 menyaksikan PKR memegang 49 kerusi Parlimen dengan ...",,,,0.21070029706157523,,,,,,,,Real,0.9968742,0.0031257384,,
,,"11 Mei 2018 ... ... 'mahu cuba' kerajaan baharu antara faktor rakyat di lima negeri memilih 
Pakatan Harapan (PH) pada Pilihan Raya Umum ke-14 (PRU-14) ...",,,,0.2759283604904012,,,,,,,,Real,0.9970471,0.0029528951,,
,,"11 Jan 2018 ... KANGAR 11 Jan. - Pas melihat perkembangan politik Islam dan orang Melayu di 
negara ini berada dalam situasi cukup bahaya jika Pakatan ...",,,,0.02494367645899824,,,,,,,,Real,0.9534398,0.04656025,,
,,"10 Mei 2018 ... Pakatan Harapan menang 29 kerusi, Barisan Nasional 27 manakala ... Dalam 
keputusan pengundian PRU-14 yang diumumkan hari ini, BN ...",,,,0.3055343910021606,,,,,,,,Real,0.9958335,0.004166434,,
,,"2 Apr 2018 ... Pakatan Harapan tidak menolak kemungkinan akan menghentikan Projek 
Laluan Rel Pantai Timur (ECRL) sekiranya menang PRU14.",,,,0.14321174746843968,,,,,,,,Real,0.96857655,0.031423442,,
,,"21 Feb 2018 ... Ini kerana Barisan Nasional (BN) atau pakatan harapan (PH) masing-masing 
mempunyai kekuatan dan rakyat akan membuat penilaian ...",,,,0.06767884051270197,,,,,,,,Real,0.97664577,0.023354193,,
,,"12 Okt 2018 ... ... Kerajaan Pakatan Harapan (PH) sudah melakukan pembohongan semata-
mata untuk menang dalam Pilihan Raya Umum Ke-14 (PRU-14).",,,,0.36624520575576813,,,,,,,,Real,0.9985519,0.0014480525,,
,,"2 Jan 2018 ... Daripada jumlah 222 kerusi Parlimen, Pakatan Rakyat hanya mendapat 89 
kerusi; ... apa yang berlaku pada pilihan raya 2013 ini bagi menghadapi PRU-14 
nanti? ... DAP menang besar di kawasan pengundi majoriti Cina.",,,,0.18207034093406146,,,,,,,,Real,0.587209,0.41279104,,
,,"10 Mei 2018 ... Pakatan Harapan berjaya meyakinkan rakyat dan beliau gembira kerana ... 
pengumuman kejayaan Harapan dalam PRU14, di sini, hari ini.",,,,0.12216432651919577,,,,,,,,Real,0.9945438,0.00545621,,
bn tewas pru 14,Real,"11 Mei 2018 ... APAKAH punca yang mengundang kekalahan tidak terduga Barisan Nasional (
BN) dalam Pilihan Raya Umum Ke-14 (PRU-14) pada 9 Mei, ...",Fake,1,10,0.24368587821523058,16,0.6666666666666666,Real,10,0,9.807603180408478,0.19239675311837345,Real,0.9959961,0.0040038796,8,0.3333333333333333
,,"10 Mei 2018 ... PRU14 ... BN yang menang 22 kerusi DUN pada PRU-13, hilang enam ... Hasan 
Malek yang tewas dengan majoriti 200 undi di Kuala Pilah, ...",,,,0.12922565769953173,,,,,,,,Real,0.99297196,0.007028036,,
,,"21 Mei 2018 ... Veteran UMNO, Tan Sri Syed Hamid Albar, sebaliknya berkata, faktor BN tewas 
mengejut pada PRU-14 adalah disebabkan aspirasi rakyat ...",,,,0.1982474872434784,,,,,,,,Real,0.9983064,0.0016935823,,
,,"11 Mei 2018 ... Keputusan Pilihan Raya Umum Ke-14 (PRU-14) kelmarin menunjukkan ... 
Barisan Nasional (BN) tewas selepas memerintah selama 61 tahun.",,,,0.29704790422933847,,,,,,,,Real,0.9945167,0.0054833167,,
,,"6 Apr 2018 ... Tidak terima jawatan Senator jika tewas PRU-14 ... Gerakan ketika ini sedang 
berbincang dengan parti komponen Barisan Nasional (BN) ...",,,,0.20637182198460163,,,,,,,,Real,0.8620333,0.13796677,,
,,"2 Apr 2015 ... PETALING JAYA: Bekas Perdana Menteri Tun Dr Mahathir Mohamad khuatir 
Barisan Nasional (BN) dan Umno akan tewas pada Pilihan Raya ...",,,,0.0818241676712779,,,,,,,,Real,0.9960289,0.0039711366,,
,,"10 Mei 2018 ... KOTA KINABALU - Lima menteri Kabinet termasuk tiga timbalan menteri yang 
merupakan calon Barisan Nasional (BN) Sabah tewas dalam ...",,,,0.08741095686578614,,,,,,,,Real,0.9966967,0.0033032775,,
,,"10 Mei 2018 ... ... menjelang bahang Pilihan Raya Umum Ke-14 (PRU-14) pada 9 Mei ... kerusi 
DUN Bukit Melawati dari BN, Jakiran Jacomah tewas kepada ...",,,,0.2781973286042674,,,,,,,,Real,0.99352324,0.006476716,,
,,"12 Mei 2018 ... Daripada lima ADUN UPKO yang menang pada PRU-14, dua dilihat hadir di 
kediaman Mohd Shafie petang ... Calon Cina daripada BN tewas.",,,,0.1844994476096498,,,,,,,,Real,0.980004,0.019995969,,
,,"10 Mei 2018 ... Analisis Melaka PRU-14 ... (BN) Melaka gagal diterjemahkan dalam bentuk undi 
apabila tewas kepada Pakatan Harapan (PH) diterajui PKR ...",,,,0.1957276010415342,,,,,,,,Real,0.9975259,0.0024740726,,
pakatan harapan tewas pru 14,Fake,"24 Mei 2018 ... KUALA TERENGGANU 24 Mei - Pakatan Harapan Terengganu kini yakin ... 
Umum Ke-14 (PRU-14) seolah-olah terhenti di negeri ini dan Kelantan. ... yang 
bertanding atas tiket PKR tewas dalam Pilihan Raya Umum ke-14 ...",Real,3,8,0.2101871952791563,16,0.6666666666666666,Real,10,0,9.549061179161072,0.45093863434158266,Real,0.9969708,0.003029151,8,0.3333333333333333
,,"11 Mei 2018 ... Dan pilihan majoriti mereka adalah Pakatan Harapan untuk memerintah Johor. ... 
Yang paling utama kenapa rakyat menolak BN pada PRU-14 ...",,,,0.16636696368439277,,,,,,,,Real,0.98440766,0.015592399,,
,,"11 Mei 2018 ... ... (BN) dalam Pilihan Raya Umum Ke-14 (PRU-14) pada 9 Mei, kelmarin? ... 
Pakatan Harapan menjadi punca kekalahan BN dalam PRU-14.",,,,0.2677007544510862,,,,,,,,Real,0.9875124,0.012487541,,
,,"6 Sep 2018 ... Sebelum PRU 2018 saya bertemu dengan UMNO, DAP, Parti Amanah ... 
KEMENANGAN Pakatan Harapan (PH) pada PRU-14 adalah hasil ...",,,,0.20067876710492336,,,,,,,,Real,0.97899306,0.021006893,,
,,"11 Mei 2018 ... Hasilnya, pada PRU-14 semalam, Barisan Nasional (BN) kecundang di negeri 
kelahiran Hang Tuah apabila Pakatan Harapan berjaya ...",,,,0.17141984470464916,,,,,,,,Real,0.9840704,0.0159296,,
,,"10 Mei 2018 ... Analisis Melaka PRU-14 ... bentuk undi apabila tewas kepada Pakatan Harapan 
(PH) diterajui PKR pada Pilihan Raya Umum Ke-14 (PRU-14) ...",,,,0.3644776096011161,,,,,,,,Real,0.99756694,0.0024330553,,
,,"10 Mei 2018 ... Keputusan PRU-14: Pakatan Harapan menang kerusi Parlimen Johor ... Johor 
Bahru selepas tewas kepada calon Pakatan Harapan, Akmal ...",,,,0.3393579537635449,,,,,,,,Real,0.99265254,0.007347398,,
,,"3 Nov 2018 ... Menurut Najib, menjadi tanggungjawab apabila parti tewas, ketua harus meletak 
jawatan. ... lagi boleh dipikul parti itu berikutan kecundangnya BN pada PRU-14. 
... Komponen BN perlu bersama beri khidmat kepada rakyat.",,,,0.10782020881144457,,,,,,,,Real,0.9317731,0.068226874,,
,,"3 Jul 2018 ... ... ini merupakan Ahli Parlimen Kluang tewas kepada Timbalan Presiden ... calon 
menteri sekiranya Pakatan Harapan menang pada PRU-14.",,,,0.24861917198440348,,,,,,,,Real,0.7455867,0.25441325,,
,,"11 Jan 2018 ... DAP tetap 'taiko', bahaya jika Pakatan Harapan menang PRU-14. Mohd. ... Kalau 
mereka tidak tewas dengan Pas mungkin kalah dengan BN.",,,,0.21415459831724476,,,,,,,,Real,0.94952756,0.050472476,,
bn menang pru 14,Fake,"25 Jan 2018 ... GUA MUSANG: Ahli Parlimen Gua Musang, Tengku Razaleigh Hamzah, yakin 
Barisan Nasional (BN) akan memenangi Pilihan Raya Umum ...",Fake,2,9,0.031112843501663535,17,0.7083333333333334,Fake,9,1,8.936522580683231,1.0634773268830031,Real,0.9589962,0.04100381,9,0.375
,,"15 Dis 2017 ... MOMENTUM semasa sokongan rakyat, termasuk sekurang-kurangnya 30 
peratus pengundi Cina terhadap kepemimpinan Datuk Seri Najib ...",,,,0.0,,,,,,,,Real,0.97990566,0.02009426,,
,,"28 Apr 2018 ... Datuk Seri Mohamad Hasan beri kemenangan pertama PRU14 kepada Barisan 
Nasional. | Berita Terkini, foto dan video, dunia dan Malaysia.",,,,0.0,,,,,,,,Fake,0.043786265,0.9562138,,
,,"11 Apr 2018 ... KUALA LUMPUR: Gabungan parti komponen Barisan Nasional (BN) yang 
diketuai Datuk Seri Najib Razak dijangka memperoleh kemenangan ...",,,,0.039344444731761526,,,,,,,,Real,0.9972203,0.0027796833,,
,,"10 Mei 2018 ... ... Nasional (BN) di Parlimen Pekan pada Pilihan Raya Umum Ke-14 (PRU-14) 
mempertahankan kerusi itu untuk penggal ke-10 berturut-turut.",,,,0.27078278555317525,,,,,,,,Real,0.9886785,0.011321458,,
,,"10 Mei 2018 ... SEREMBAN 10 Mei - Barisan Nasional (BN) gagal mengekalkan ... PRU14 ... BN 
yang menang 22 kerusi DUN pada PRU-13, hilang enam ...",,,,0.2649128886703709,,,,,,,,Real,0.9860892,0.0139107555,,
,,"22 Feb 2018 ... KUALA LUMPUR: Barisan Nasional (BN) dijangka tidak menghadapi masalah 
mendapat undi majoriti mudah pada Pilihan Raya Umum Ke-14 ...",,,,0.12639465075349937,,,,,,,,Real,0.9928023,0.0071976576,,
,,"6 Mei 2018 ... PEKAN: Selepas seminggu berkempen, Datuk Seri Najib Tun Razak melahirkan 
keyakinan Barisan Nasional (BN) mampu meraih ...",,,,0.044538916796274704,,,,,,,,Real,0.9962584,0.003741661,,
,,"10 Mei 2018 ... Pakatan Harapan menang PRU-14 ... PKR, DAP dan Parti Amanah Negara 
meraih 113 kerusi diikuti Barisan Nasional (BN) dengan 79 kerusi.",,,,0.30732809037451914,,,,,,,,Real,0.9965274,0.003472609,,
,,"6 Mei 2018 ... PEKAN - Selepas seminggu berkempen, Datuk Seri Najib Tun Razak melahirkan 
keyakinan Barisan Nasional (BN) mampu meraih ...",,,,0.044538916796274704,,,,,,,,Real,0.9962584,0.003741661,,
