penyataan id,penyataan,sumber id,sumber,label
1,Ali Rustam keluar UMNO hari ini,1,Ali Rustam menafikan desas desus dan tidak berhasrat untuk keluar UMNO,tidak setuju
1,Ali Rustam keluar UMNO hari ini,2,Tan Sri Mohd Ali Mohd Rustam merupakan seorang ahli UMNO,berkaitan
1,Ali Rustam keluar UMNO hari ini,3,"Sehingga hari ini Ali Rustam masih tetap dengan Umno, sekali gus menafikan dirinya, Tan Sri Mohd Ali Mohd Rustam keluar parti itu.",tidak setuju
2,Ali Rustam nafi keluar UMNO,4,Ali Rustam menafikan desas desus dan tidak berhasrat untuk keluar UMNO,setuju
2,Ali Rustam nafi keluar UMNO,5,Tan Sri Mohd Ali Mohd Rustam merupakan seorang ahli UMNO,berkaitan
2,Ali Rustam nafi keluar UMNO,6,"Sehingga hari ini Ali Rustam masih tetap dengan Umno, sekali gus menafikan dirinya, Tan Sri Mohd Ali Mohd Rustam keluar parti itu.",setuju
3,Dewan Negara tidak lulus pindaan AUKU,7,Dewan Rakyat hari ini meluluskan rang undang-undang pindaan Akta Universiti dan Kolej Universiti (Auku) untuk membenarkan pelajar terlibat dalam kegiatan politik kepartian dalam kampus.,tidak setuju
3,Dewan Negara tidak lulus pindaan AUKU,8, Akta Universiti dan Kolej Universiti (Auku) membenarkan pelajar terlibat dalam kegiatan politik kepartian dalam kampus kelihatan berbahaya kerana takut mengganggu aktiviti social pelajar,berkaitan
3,Dewan Negara tidak lulus pindaan AUKU,9,Dewan Negara lulus pindaan Akta Kebankrapan,tidak berkaitan
3,Dewan Negara tidak lulus pindaan AUKU,10,Dewan Negara tolak RUU Antiberita Tidak Benar (Pemansuhan) 2018,tidak berkaitan
4,Dewan Negara lulus pindaan AUKU,11,Dewan Rakyat hari ini meluluskan rang undang-undang pindaan Akta Universiti dan Kolej Universiti (Auku) untuk membenarkan pelajar terlibat dalam kegiatan politik kepartian dalam kampus.,setuju
4,Dewan Negara lulus pindaan AUKU,12, Akta Universiti dan Kolej Universiti (Auku) membenarkan pelajar terlibat dalam kegiatan politik kepartian dalam kampus kelihatan berbahaya kerana takut mengganggu aktiviti social pelajar,berkaitan
4,Dewan Negara lulus pindaan AUKU,13,Dewan Negara lulus pindaan Akta Kebankrapan,tidak berkaitan
4,Dewan Negara lulus pindaan AUKU,14,Dewan Negara tolak RUU Antiberita Tidak Benar (Pemansuhan) 2018,tidak berkaitan
5,Ismail Sabri bukan Timbalan Presiden UMNO,15,Jawatan dalam UMNO perlu dipertandingkan,tidak berkaitan
5,Ismail Sabri bukan Timbalan Presiden UMNO,16,Ismail Sabri pikul tanggungjawab sebagai Timbalan Presiden UMNO,tidak setuju
5,Ismail Sabri bukan Timbalan Presiden UMNO,17,"Ku Li, KJ dan Zahid antara lima calon jawatan Presiden UMNO ...",tidak berkaitan
6,Ismail Sabri galas tugas Timbalan Presiden UMNO,18,Jawatan dalam UMNO perlu dipertandingkan,tidak berkaitan
6,Ismail Sabri galas tugas Timbalan Presiden UMNO,19,Ismail Sabri pikul tanggungjawab sebagai Timbalan Presiden UMNO,setuju
6,Ismail Sabri galas tugas Timbalan Presiden UMNO,20,"Ku Li, KJ dan Zahid antara lima calon jawatan Presiden UMNO ...",tidak berkaitan
7,"Benjy semakin sihat, tiada sakit Tibi",21,Keadaan Benjy semakin merosot dan kelihat menderita. Beliau dikatakan hampir positif sakit Tibi,tidak setuju
7,"Benjy semakin sihat, tiada sakit Tibi",22,Benjy dibebaskan dari tuduhan miliki syabu,tidak berkaitan
8,Benjy hampir positif sakit Tibi,23,Keadaan Benjy semakin merosot dan kelihat menderita. Beliau dikatakan hampir positif sakit Tibi,setuju
8,Benjy hampir positif sakit Tibi,24,Benjy dibebaskan dari tuduhan miliki syabu,tidak berkaitan
9,Honda tidak pecat kakitangan hina kematian Muhammad Adib,25,Kakitangan Honda hina kematian Muhammad Adib dipecat oleh Honda,tidak setuju
9,Honda tidak pecat kakitangan hina kematian Muhammad Adib,26,"Hina pemergian Adib, kakitangan Honda Sri Utama digantung tugas",tidak setuju
9,Honda tidak pecat kakitangan hina kematian Muhammad Adib,27,Muhammad Adib diberi kenaikan pangkat,tidak berkaitan
10,Honda pecat kakitangan hina kematian Muhammad Adib,28,Kakitangan Honda hina kematian Muhammad Adib dipecat oleh Honda,setuju
10,Honda pecat kakitangan hina kematian Muhammad Adib,29,"Hina pemergian Adib, kakitangan Honda Sri Utama digantung tugas",setuju
10,Honda pecat kakitangan hina kematian Muhammad Adib,30,Muhammad Adib diberi kenaikan pangkat,tidak berkaitan
11,kes tetak kerani hingga mati adalah palsu,31,"Mengamuk dengan majikan, sudahnya tetak kerani hingga mati",tidak setuju
11,kes tetak kerani hingga mati adalah palsu,32,Suspek tetak kerani hingga mati diburu,tidak setuju
11,kes tetak kerani hingga mati adalah palsu,33,"Lelaki warga Indonesia tetak mati pekerja kilang, ditahan polis",tidak setuju
11,kes tetak kerani hingga mati adalah palsu,34,"Gara-gara tidak puas hati dengan layanan, pekerja bunuh majikan",tidak setuju
11,kes tetak kerani hingga mati adalah palsu,35,Lelaki Myanmar mengamuk ditemukan mati di dalam rumah,tidak berkaitan
12,kes tetak kerani hingga mati kerana mengamuk dengan majikan,36,"Mengamuk dengan majikan, sudahnya tetak kerani hingga mati",setuju
12,kes tetak kerani hingga mati kerana mengamuk dengan majikan,37,Suspek tetak kerani hingga mati diburu,setuju
12,kes tetak kerani hingga mati kerana mengamuk dengan majikan,38,"Lelaki warga Indonesia tetak mati pekerja kilang, ditahan polis",setuju
12,kes tetak kerani hingga mati kerana mengamuk dengan majikan,39,"Gara-gara tidak puas hati dengan layanan, pekerja bunuh majikan",setuju
12,kes tetak kerani hingga mati kerana mengamuk dengan majikan,40,Lelaki Myanmar mengamuk ditemukan mati di dalam rumah,tidak berkaitan
13,Nama Sajat tak ada Muhammad,41,Sebutan kes Mahkamah Muhammad Sajat kerana gagal kemuka penyata GST,tidak setuju
13,Nama Sajat tak ada Muhammad,42,"Sajat didenda RM2,700 gagal kemuka penyata GST",tidak berkaitan
13,Nama Sajat tak ada Muhammad,43,Mahkamah memanggil sajat dengan gelaran Muhammad Sajat jelas menunjukkan bahawa beliau merupakan lelaki,tidak setuju
14,Nama Sajat ada Muhammad,44,Sebutan kes Mahkamah Muhammad Sajat kerana gagal kemuka penyata GST,setuju
14,Nama Sajat ada Muhammad,45,"Sajat didenda RM2,700 gagal kemuka penyata GST",tidak berkaitan
14,Nama Sajat ada Muhammad,46,Mahkamah memanggil sajat dengan gelaran Muhammad Sajat jelas menunjukkan bahawa beliau merupakan lelaki,setuju
15,"Nur Sajat tidak didenda RM 2,700",47,Sebutan kes Mahkamah Muhammad Sajat kerana gagal kemuka penyata GST,tidak setuju
15,"Nur Sajat tidak didenda RM 2,700",48,"Nur Sajat didenda RM 2,700 gagal kemuka penyata GST",tidak setuju
15,"Nur Sajat tidak didenda RM 2,700",49,Nama saya tidak ada Muhammad Sajat,tidak berkaitan
16,Nur Sajat didenda kerana gagal kemuka penyata GST,50,Sebutan kes Mahkamah Muhammad Sajat kerana gagal kemuka penyata GST,setuju
16,Nur Sajat didenda kerana gagal kemuka penyata GST,51,"Nur Sajat didenda RM2,700 gagal kemuka penyata GST",setuju
16,Nur Sajat didenda kerana gagal kemuka penyata GST,52,Nama saya tidak ada Muhammad Sajat,tidak berkaitan
17,Tiada nama Yeo Bee Yin dalam jurnal sains terkemuka dunia,53,Bee Yin diiktiraf Jurnal Nature's 10 keranakelantangan beliau dalam memerangi pencemaran plastik.,tidak setuju
17,Tiada nama Yeo Bee Yin dalam jurnal sains terkemuka dunia,54,Bee Yin sertai 10 senarai individu penting dunia sains bagi tahun 2018 di dalam jurnal Nature's 10,tidak setuju
17,Tiada nama Yeo Bee Yin dalam jurnal sains terkemuka dunia,55,"Bee Yin pada masa sama amat risau tentang pencemaran plastik, terutamanya penggunaan plastik sekali guna. ",tidak berkaitan
18,Yeo Bee Yin diiktiraf jurnal sains terkemuka dunia,56,Bee Yin diiktiraf Jurnal Nature's 10 keranakelantangan beliau dalam memerangi pencemaran plastik.,setuju
18,Yeo Bee Yin diiktiraf jurnal sains terkemuka dunia,57,Bee Yin sertai 10 senarai individu penting dunia sains bagi tahun 2018 di dalam jurnal Nature's 10,setuju
18,Yeo Bee Yin diiktiraf jurnal sains terkemuka dunia,58,"Bee Yin pada masa sama amat risau tentang pencemaran plastik, terutamanya penggunaan plastik sekali guna. ",tidak berkaitan
19,najib tidak diikat jamin,59,Mahkamah benar Najib diikat jamin RM3.5 juta,tidak setuju
19,najib tidak diikat jamin,60,Najib diikat jamin RM3.5 juta,tidak setuju
19,najib tidak diikat jamin,61,Najib dibebas dengan ikat jamin RM3.5 juta,tidak setuju
19,najib tidak diikat jamin,62,NAJIB TUN RAZAK melambaikan tangan selepas diikat jamin RM3.5 juta,tidak setuju
19,najib tidak diikat jamin,63,Najib Razak ke Mahkamah dan mengaku tidak bersalah,tidak berkaitan
20,najib diikat jamin,64,Mahkamah benar Najib diikat jamin RM3.5 juta,setuju
20,najib diikat jamin,65,Najib diikat jamin RM3.5 juta - Video - Utusan Online,setuju
20,najib diikat jamin,66,Najib dibebas dengan ikat jamin RM3.5 juta,setuju
20,najib diikat jamin,67,NAJIB TUN RAZAK melambaikan tangan selepas diikat jamin RM3.5 juta,setuju
20,najib diikat jamin,68,Najib Razak ke Mahkamah dan mengaku tidak bersalah,tidak berkaitan
21,kfc tidak halal,69,Hidangan KFC 100 peratus halal,tidak setuju
21,kfc tidak halal,70,Semua KFC Malaysia halal dan diikhtiraf JAKIM,tidak setuju
21,kfc tidak halal,71,Malaysia tempat pertama status hab halal tiga sektor,tidak berkaitan
21,kfc tidak halal,72,KFC merupakan syarikat makanan yang berpusat di Amerika. Sijil Halal jakim perlulah diperolehi oleh syarikat tersebut.,berkaitan
22,kfc halal,73,Hidangan KFC 100 peratus halal,setuju
22,kfc halal,74,Semua KFC Malaysia halal dan diikhtiraf JAKIM,setuju
22,kfc halal,75,Malaysia tempat pertama status hab halal tiga sektor,tidak berkaitan
22,kfc halal,76,KFC merupakan syarikat makanan yang berpusat di Amerika. Sijil Halal jakim perlulah diperolehi oleh syarikat tersebut.,berkaitan
23,vietnam kalah dalam piala aff suzuki 2018,77,Final 1 Piala AFF Suzuki 2018: Malaysia ikat Vietnam 2-2 di laman sendiri,berkaitan
23,vietnam kalah dalam piala aff suzuki 2018,78,5 sebab mengapa Malaysia mampu benam Vietnam,tidak berkaitan
23,vietnam kalah dalam piala aff suzuki 2018,79,Piala AFF Suzuki 2018 - 85 peratus undian Harimau Malaya menang,tidak berkaitan
23,vietnam kalah dalam piala aff suzuki 2018,80,Final Piala AFF Suzuki 2018: Dr Mahathir harap Harimau Malaya menang,tidak berkaitan
23,vietnam kalah dalam piala aff suzuki 2018,81,Malaysia jumpa Vietnam di pentas akhir Piala AFF Suzuki 2018,berkaitan
23,vietnam kalah dalam piala aff suzuki 2018,82,Vietnam juarai Final Piala AFF Suzuki 2018 dengan menewaskan Malaysia 3-2,tidak setuju
23,vietnam kalah dalam piala aff suzuki 2018,83,Malaysia gagal menjuarai Piala AFF Suzuki 2018 selepas tewas ditangan Vietnam 2-3,tidak setuju
24,vietnam menang dalam piala aff suzuki 2018,84,Final 1 Piala AFF Suzuki 2018: Malaysia ikat Vietnam 2-2 di laman sendiri,berkaitan
24,vietnam menang dalam piala aff suzuki 2018,85,5 sebab mengapa Malaysia mampu benam Vietnam,tidak berkaitan
24,vietnam menang dalam piala aff suzuki 2018,86,Piala AFF Suzuki 2018 - 85 peratus undian Harimau Malaya menang,tidak berkaitan
24,vietnam menang dalam piala aff suzuki 2018,87,Final Piala AFF Suzuki 2018: Dr Mahathir harap Harimau Malaya menang,tidak berkaitan
24,vietnam menang dalam piala aff suzuki 2018,88,Malaysia jumpa Vietnam di pentas akhir Piala AFF Suzuki 2018,berkaitan
24,vietnam menang dalam piala aff suzuki 2018,89,Vietnam juarai Final Piala AFF Suzuki 2018 dengan menewaskan Malaysia 3-2,setuju
24,vietnam menang dalam piala aff suzuki 2018,90,Malaysia gagal menjuarai Piala AFF Suzuki 2018 selepas tewas ditangan Vietnam 2-3,setuju
25,malaysia menang dalam piala aff suzuki 2018,91,"Malaysia kempunan, Vietnam julang trofi Piala AFF Suzuki 2018",tidak setuju
25,malaysia menang dalam piala aff suzuki 2018,92,"Vietnam juara, Harimau Malaya tetap terbaik",tidak setuju
25,malaysia menang dalam piala aff suzuki 2018,93,"Piala AFF: Akuilah, Vietnam lebih hebat (Malaysia 0-1 Vietnam)",tidak setuju
25,malaysia menang dalam piala aff suzuki 2018,94,"Harimau Malaya rebah di Hanoi, Vietnam",tidak setuju
25,malaysia menang dalam piala aff suzuki 2018,95,Jaringan awal Vietnam musnahkan Malaysia,tidak setuju
26,malaysia kalah dalam piala aff suzuki 2018,96,"Malaysia kempunan, Vietnam julang trofi Piala AFF Suzuki 2018",setuju
26,malaysia kalah dalam piala aff suzuki 2018,97,"Vietnam juara, Harimau Malaya tetap terbaik",setuju
26,malaysia kalah dalam piala aff suzuki 2018,98,"Piala AFF: Akuilah, Vietnam lebih hebat (Malaysia 0-1 Vietnam)",setuju
26,malaysia kalah dalam piala aff suzuki 2018,99,"Harimau Malaya rebah di Hanoi, Vietnam",setuju
26,malaysia kalah dalam piala aff suzuki 2018,100,Jaringan awal Vietnam musnahkan Malaysia,setuju
27,adib masih hidup,101,Adib meninggalkan kita,tidak setuju
27,adib masih hidup,102,Adib meninggal dunia: Kerajaan Selangor berdukacita,tidak setuju
27,adib masih hidup,103,Adib meninggal dunia di IJN,tidak setuju
27,adib masih hidup,104,Muhammad Adib meninggal dunia,tidak setuju
27,adib masih hidup,105,Kronologi kes kematian Muhammad Adib,tidak setuju
27,adib masih hidup,106,Polis klasifikasikan kematian Adib sebagai kes bunuh,tidak setuju
27,adib masih hidup,107,Tubuh RCI siasat kematian Adib,tidak setuju
27,adib masih hidup,108,Kesatuan tuntut hukuman setimpal kematian Muhammad Adib,tidak setuju
27,adib masih hidup,109,Adib bakal berkahwin,tidak berkaitan
28,adib meninggal dunia,110,Adib meninggalkan kita,setuju
28,adib meninggal dunia,111,Adib meninggal dunia: Kerajaan Selangor berdukacita,setuju
28,adib meninggal dunia,112,Adib meninggal dunia di IJN,setuju
28,adib meninggal dunia,113,Muhammad Adib meninggal dunia,setuju
28,adib meninggal dunia,114,Kronologi kes kematian Muhammad Adib,setuju
28,adib meninggal dunia,115,Polis klasifikasikan kematian Adib sebagai kes bunuh,setuju
28,adib meninggal dunia,116,Tubuh RCI siasat kematian Adib,setuju
28,adib meninggal dunia,117,Kesatuan tuntut hukuman setimpal kematian Muhammad Adib,setuju
28,adib meninggal dunia,118,Adib bakal berkahwin,tidak berkaitan
29,tun dr mahathir mati,119,"Rahsia Mahathir kekal sihat, aktif ",tidak setuju
30,tun dr mahathir hidup dan sihat,120,"Rahsia Mahathir kekal sihat, aktif ",setuju
31,najib mati,121,Najib terus bertenaga walaupun selepas tewas PRU,tidak setuju
31,najib mati,122,Hidup perlu diteruskan - Najib,tidak setuju
31,najib mati,123,PM Najib mahu rakyat jadikan gaya hidup sihat amalan seharian,tidak berkaitan
31,najib mati,124,Najib punca kenaikan kos hidup,tidak berkaitan
32,najib hidup,125,Najib terus bertenaga walaupun selepas tewas PRU,setuju
32,najib hidup,126,Hidup perlu diteruskan - Najib,setuju
32,najib hidup,127,PM Najib mahu rakyat jadikan gaya hidup sihat amalan seharian,tidak berkaitan
32,najib hidup,128,Najib punca kenaikan kos hidup,tidak berkaitan
33,himpunan icerd tidak wujud,129,Polis tutup enam jalan sempena perhimpunan Icerd,tidak setuju
33,himpunan icerd tidak wujud,130,Perhimpunan ICERD : Jangan lakukan kekecohan,berkaitan
33,himpunan icerd tidak wujud,131,DBKL benarkan perhimpunan ICERD,tidak setuju
33,himpunan icerd tidak wujud,132,Polis pantau perhimpunan ICERD,tidak setuju
33,himpunan icerd tidak wujud,133,Perhimpunan besar-besaran 8 Disember bantah ICERD dibanjiri manusia,tidak setuju
33,himpunan icerd tidak wujud,134,Lebih 1000 hadir himpunan bantah ICERD di ibu negara,tidak setuju
33,himpunan icerd tidak wujud,135,Orang Melayu perlu bersatu padu bersama UMNO - Najib,tidak berkaitan
34,himpunan bantah icerd wujud dan meriah,136,Polis tutup enam jalan sempena perhimpunan Icerd,setuju
34,himpunan bantah icerd wujud dan meriah,137,Perhimpunan ICERD : Jangan lakukan kekecohan,berkaitan
34,himpunan bantah icerd wujud dan meriah,138,DBKL benarkan perhimpunan ICERD,setuju
34,himpunan bantah icerd wujud dan meriah,139,Polis pantau perhimpunan ICERD,setuju
34,himpunan bantah icerd wujud dan meriah,140,Perhimpunan besar-besaran 8 Disember bantah ICERD dibanjiri manusia,setuju
34,himpunan bantah icerd wujud dan meriah,141,Lebih 1000 hadir himpunan bantah ICERD di ibu negara,setuju
34,himpunan bantah icerd wujud dan meriah,142,Orang Melayu perlu bersatu padu bersama UMNO - Najib,tidak berkaitan
35,tun dr mahathir bukan perdana menteri ke-7,143,Dr Mahathir angkat sumpah PM ke-7,tidak setuju
35,tun dr mahathir bukan perdana menteri ke-7,144,Tun Mahathir angkat sumpah perdana menteri ke-7,tidak setuju
35,tun dr mahathir bukan perdana menteri ke-7,145,Dr Mahathir PM ke-7,tidak setuju
35,tun dr mahathir bukan perdana menteri ke-7,146,"Dr. Mahathir umum 10 kementerian, Azizah dilantik TPM",berkaitan
35,tun dr mahathir bukan perdana menteri ke-7,147,Tun Mahathir Perdana Menteri Malaysia ke-7,tidak setuju
35,tun dr mahathir bukan perdana menteri ke-7,148,Perdana Menteri ke-7 yang baru di lantik Tun Dr. Mahathir,tidak setuju
35,tun dr mahathir bukan perdana menteri ke-7,149,Dr Mahathir akan halang pengampunan Anwar,tidak berkaitan
35,tun dr mahathir bukan perdana menteri ke-7,150,Tun Mahathir angkat sumpah sebagai Perdana Menteri ke-7,tidak setuju
35,tun dr mahathir bukan perdana menteri ke-7,151,"Tun Dr Mahathir, pemimpin pilihan rakyat",tidak setuju
35,tun dr mahathir bukan perdana menteri ke-7,152,"Rakyat Malaysia sebak, bangga saat Tun Mahathir rasmi jadi perdana menteri ke-7",tidak setuju
36,tun dr mahathir perdana menteri ke-7,153,Dr Mahathir angkat sumpah PM ke-7,setuju
36,tun dr mahathir perdana menteri ke-7,154,Tun Mahathir angkat sumpah perdana menteri ke-7,setuju
36,tun dr mahathir perdana menteri ke-7,155,Dr Mahathir PM ke-7,setuju
36,tun dr mahathir perdana menteri ke-7,156,"Dr. Mahathir umum 10 kementerian, Azizah dilantik TPM",berkaitan
36,tun dr mahathir perdana menteri ke-7,157,Tun Mahathir Perdana Menteri Malaysia ke-7,setuju
36,tun dr mahathir perdana menteri ke-7,158,Perdana Menteri ke-7 yang baru di lantik Tun Dr. Mahathir,setuju
36,tun dr mahathir perdana menteri ke-7,159,Dr Mahathir akan halang pengampunan Anwar,tidak berkaitan
36,tun dr mahathir perdana menteri ke-7,160,Tun Mahathir angkat sumpah sebagai Perdana Menteri ke-7,setuju
36,tun dr mahathir perdana menteri ke-7,161,"Tun Dr Mahathir, pemimpin pilihan rakyat",setuju
36,tun dr mahathir perdana menteri ke-7,162,"Rakyat Malaysia sebak, bangga saat Tun Mahathir rasmi jadi perdana menteri ke-7",setuju
37,anwar tidak akan ganti mahathir,163,Mahathir bakal beri Laluan kepada Anwar menjadi Perdana Menteri,tidak setuju
37,anwar tidak akan ganti mahathir,164,Mahathir berkata Anwar akan ganti beliau sebagai Perdana Menteri,tidak setuju
37,anwar tidak akan ganti mahathir,165,Anwar perlu jadi PM selepas Tun - Khairy,berkaitan
37,anwar tidak akan ganti mahathir,166,Wan Azizah akan lepas jawatan selepas Anwar jadi PM,berkaitan
37,anwar tidak akan ganti mahathir,167,"PRK lagi, Anwar nak kerusi mana",tidak berkaitan
37,anwar tidak akan ganti mahathir,168,Rakyat berhak tentukan siapa PM - Dr Mahathir,berkaitan
38,anwar bakal ganti mahathir,169,Mahathir bakal beri Laluan kepada Anwar menjadi Perdana Menteri,setuju
38,anwar bakal ganti mahathir,170,Mahathir berkata Anwar akan ganti beliau sebagai Perdana Menteri,setuju
38,anwar bakal ganti mahathir,171,Anwar perlu jadi PM selepas Tun - Khairy,berkaitan
38,anwar bakal ganti mahathir,172,Wan Azizah akan lepas jawatan selepas Anwar jadi PM,berkaitan
38,anwar bakal ganti mahathir,173,"PRK lagi, Anwar nak kerusi mana",tidak berkaitan
38,anwar bakal ganti mahathir,174,Rakyat berhak tentukan siapa PM - Dr Mahathir,berkaitan
39,cadburry diperbuat daripada babi,175,Coklat Cadbury halal,tidak setuju
39,cadburry diperbuat daripada babi,176,Pegawai JAKIM sedia makan coklat Cadbury untuk buktikan halal,tidak setuju
39,cadburry diperbuat daripada babi,177,cadburry luar negara tidak halal,tidak berkaitan
40,cadburry tidak diperbuat daripada babi,178,Coklat Cadbury halal,setuju
40,cadburry tidak diperbuat daripada babi,179,Pegawai JAKIM sedia makan coklat Cadbury untuk buktikan halal,setuju
40,cadburry tidak diperbuat daripada babi,180,cadburry luar negara tidak halal,tidak berkaitan
41,sushiking haram dimakan,181,Sushiking halal dan diikhtiraf jakim,tidak setuju
41,sushiking haram dimakan,182,Sushiking tidak halal adalah palsu,tidak setuju
42,sushiking boleh dimakan,183,Sushiking halal dan diikhtiraf jakim,setuju
42,sushiking boleh dimakan,184,Sushiking tidak halal adalah palsu,setuju
43,sri serdang banjir tahun ini,185,Mangsa banjir terima sumbangan,berkaitan
43,sri serdang banjir tahun ini,186,"Banjir Kilat Di Sri Serdang, Selangor tidak berlaku",tidak setuju
43,sri serdang banjir tahun ini,187,Bekalan makanan mencukupi hadapi musim banjir,berkaitan
43,sri serdang banjir tahun ini,188,"Tiada Banjir landa Serdang, Kajang",tidak setuju
44,sri serdang tidak banjir tahun ini,189,Mangsa banjir terima sumbangan,berkaitan
44,sri serdang tidak banjir tahun ini,190,"Banjir Kilat Di Sri Serdang, Selangor tidak berlaku",setuju
44,sri serdang tidak banjir tahun ini,191,Bekalan makanan mencukupi hadapi musim banjir,berkaitan
44,sri serdang tidak banjir tahun ini,192,"Tiada Banjir landa Serdang, Kajang",setuju
45,nurul izzah tidak letak jawatan naib presiden pkr,193,"Nurul Izzah letak jawatan: PKR Permatang Pauh terkejut, sedih lompat parti",tidak setuju
45,nurul izzah tidak letak jawatan naib presiden pkr,194,Nurul Izzah letak jawatan Naib Presiden PKR,tidak setuju
45,nurul izzah tidak letak jawatan naib presiden pkr,195,"Nurul Izzah letak jawatan Naib Presiden, Pengerusi PKR Pulau Pinang",tidak setuju
45,nurul izzah tidak letak jawatan naib presiden pkr,196,Pemimpin Umno keluar parti antara punca Nurul Izzah letak jawatan,tidak setuju
45,nurul izzah tidak letak jawatan naib presiden pkr,197,Nurul Izzah letak jawatan,tidak setuju
45,nurul izzah tidak letak jawatan naib presiden pkr,198,"PKR Permatang Pauh terkejut, sedih Nurul Izzah letak jawatan",tidak setuju
45,nurul izzah tidak letak jawatan naib presiden pkr,199,Nurul Izzah umum letak jawatan dalam PKR,tidak setuju
46,nurul izzah letak jawatan naib presiden pkr,200,"Nurul Izzah letak jawatan: PKR Permatang Pauh terkejut, sedih lompat parti",setuju
46,nurul izzah letak jawatan naib presiden pkr,201,Nurul Izzah letak jawatan Naib Presiden PKR,setuju
46,nurul izzah letak jawatan naib presiden pkr,202,"Nurul Izzah letak jawatan Naib Presiden, Pengerusi PKR Pulau Pinang",setuju
46,nurul izzah letak jawatan naib presiden pkr,203,Pemimpin Umno keluar parti antara punca Nurul Izzah letak jawatan,setuju
46,nurul izzah letak jawatan naib presiden pkr,204,Nurul Izzah letak jawatan,setuju
46,nurul izzah letak jawatan naib presiden pkr,205,"PKR Permatang Pauh terkejut, sedih Nurul Izzah letak jawatan",setuju
46,nurul izzah letak jawatan naib presiden pkr,206,Nurul Izzah umum letak jawatan dalam PKR,setuju
47,johor berkata ada ancaman tsunami bulan ini,207,Johor nafi ada ancaman tsunami bulan ini,tidak setuju
47,johor berkata ada ancaman tsunami bulan ini,208,Jabatan Meteorologi nafi mesej tsunami di Pantai Timur Sabah,tidak berkaitan
47,johor berkata ada ancaman tsunami bulan ini,209,Pakar nafi ribuan kerang di pantai petanda tsunami | Astro Awani,tidak berkaitan
48,johor nafi ada ancaman tsunami bulan ini,210,Johor nafi ada ancaman tsunami bulan ini,setuju
48,johor nafi ada ancaman tsunami bulan ini,211,Jabatan Meteorologi nafi mesej tsunami di Pantai Timur Sabah,tidak berkaitan
48,johor nafi ada ancaman tsunami bulan ini,212,Pakar nafi ribuan kerang di pantai petanda tsunami | Astro Awani,tidak berkaitan
49,"viral ""muhyiddin letak jawatan"" adalah benar",213,Viral Muhyiddin letak jawatan adalah palsu,tidak setuju
49,"viral ""muhyiddin letak jawatan"" adalah benar",214,Nafi Muhyiddin letak jawatan Ahli Parlimen Pagoh,tidak setuju
50,"viral ""muhyiddin letak jawatan"" adalah palsu",215,Viral Muhyiddin letak jawatan adalah palsu,setuju
50,"viral ""muhyiddin letak jawatan"" adalah palsu",216,Nafi Muhyiddin letak jawatan Ahli Parlimen Pagoh,setuju
51,dewan rakyat tidak luluskan RUU mansuh akta anti berita tidak benar,217,Dewan Rakyat lulus RUU mansuh Akta Antiberita Tidak Benar,tidak setuju
51,dewan rakyat tidak luluskan RUU mansuh akta anti berita tidak benar,218,Dewan Negara tolak RUU Antiberita Tidak Benar (Pemansuhan) 2018,tidak setuju
51,dewan rakyat tidak luluskan RUU mansuh akta anti berita tidak benar,219,RUU Antiberita Tidak Benar tidak sekat kebebasan bersuara,berkaitan
51,dewan rakyat tidak luluskan RUU mansuh akta anti berita tidak benar,220,RUU Anti Berita Tidak Benar dibawa ke Dewan Rakyat minggu depan,berkaitan
52,dewan rakyat lulus RUU mansuh akta anti berita tidak benar,221,Dewan Rakyat lulus RUU mansuh Akta Antiberita Tidak Benar,setuju
52,dewan rakyat lulus RUU mansuh akta anti berita tidak benar,222,Dewan Negara tolak RUU Antiberita Tidak Benar (Pemansuhan) 2018,setuju
52,dewan rakyat lulus RUU mansuh akta anti berita tidak benar,223,RUU Antiberita Tidak Benar tidak sekat kebebasan bersuara,berkaitan
52,dewan rakyat lulus RUU mansuh akta anti berita tidak benar,224,RUU Anti Berita Tidak Benar dibawa ke Dewan Rakyat minggu depan,berkaitan
53,pdrm tidak beri jaminan proses pilihan raya berjalan lancar,225,PDRM beri jaminan proses pilihan raya berjalan lancar,tidak setuju
53,pdrm tidak beri jaminan proses pilihan raya berjalan lancar,226,Polis Beri Jaminan Proses Pilihan Raya Aman,tidak setuju
53,pdrm tidak beri jaminan proses pilihan raya berjalan lancar,227,Polis beri jaminan keselamatan pengundi,tidak setuju
54,pdrm beri jaminan proses pilihan raya berjalan lancar,228,PDRM beri jaminan proses pilihan raya berjalan lancar,setuju
54,pdrm beri jaminan proses pilihan raya berjalan lancar,229,Polis Beri Jaminan Proses Pilihan Raya Aman,setuju
54,pdrm beri jaminan proses pilihan raya berjalan lancar,230,Polis beri jaminan keselamatan pengundi,setuju
55,malaysia kalah piala aff suzuki 2010,231,Malaysia Juara Piala Suzuki AFF Buat Kali Pertama,tidak setuju
55,malaysia kalah piala aff suzuki 2010,232,Keyakinan Membolehkan Malaysia Juarai Piala AFF Suzuki 2010,tidak setuju
55,malaysia kalah piala aff suzuki 2010,233,Harimau Malaya menang bergaya dalam Piala AFF Suzuki 2010,tidak setuju
56,malaysia juara piala aff suzuki 2010,234,Malaysia Juara Piala Suzuki AFF Buat Kali Pertama,setuju
56,malaysia juara piala aff suzuki 2010,235,Keyakinan Membolehkan Malaysia Juarai Piala AFF Suzuki 2010,setuju
56,malaysia juara piala aff suzuki 2010,236,Harimau Malaya menang bergaya dalam Piala AFF Suzuki 2010,setuju
57,pakatan harapan tewas pru 14,237,Pakatan Harapan menang PRU-14,tidak setuju
57,pakatan harapan tewas pru 14,238,"DAP tetap 'taiko', bahaya jika Pakatan Harapan menang PRU-14",berkaitan
57,pakatan harapan tewas pru 14,239,Pakatan Harapan mohon perkenan Sultan Perak bentuk kerajaan,tidak setuju
57,pakatan harapan tewas pru 14,240,Mahu cuba kerajaan baharu faktor PH menang,tidak setuju
57,pakatan harapan tewas pru 14,241,PH menang PRU14,tidak setuju
57,pakatan harapan tewas pru 14,242,Azmin bongkar punca Pakatan Harapan menang,tidak setuju
57,pakatan harapan tewas pru 14,243,Pilihan Raya Umum Ke-14 cipta sejarah dunia apabila Pakatan Harapan menang besar,tidak setuju
58,pakatan harapan menang pru 14,244,Pakatan Harapan menang PRU-14,setuju
58,pakatan harapan menang pru 14,245,"DAP tetap 'taiko', bahaya jika Pakatan Harapan menang PRU-14",berkaitan
58,pakatan harapan menang pru 14,246,Pakatan Harapan mohon perkenan Sultan Perak bentuk kerajaan,setuju
58,pakatan harapan menang pru 14,247,Mahu cuba kerajaan baharu faktor PH menang,setuju
58,pakatan harapan menang pru 14,248,PH menang PRU14,setuju
58,pakatan harapan menang pru 14,249,Azmin bongkar punca Pakatan Harapan menang,setuju
58,pakatan harapan menang pru 14,250,Pilihan Raya Umum Ke-14 cipta sejarah dunia apabila Pakatan Harapan menang besar,setuju
59,bn menang pru 14,251,BN Tewas dan kalah dalam Pilihan Raya Umum PRU 14,tidak setuju
59,bn menang pru 14,252,Punca Barisan Nasional Tewas,tidak setuju
59,bn menang pru 14,253,BN gagal kesan gelombang tsunami rakyat,tidak setuju
59,bn menang pru 14,254,BN tewas bukan angkara fitnah,tidak setuju
59,bn menang pru 14,255,Undi popular BN merosot kepada 32 peratus,berkaitan
59,bn menang pru 14,256,Tun M Khuatir BN-Umno Tewas PRU-14,berkaitan
60,bn tewas pru 14,257,BN Tewas dan kalah dalam Pilihan Raya Umum PRU 14,setuju
60,bn tewas pru 14,258,Punca Barisan Nasional Tewas,setuju
60,bn tewas pru 14,259,BN gagal kesan gelombang tsunami rakyat,setuju
60,bn tewas pru 14,260,BN tewas bukan angkara fitnah,setuju
60,bn tewas pru 14,261,Undi popular BN merosot kepada 32 peratus,berkaitan
60,bn tewas pru 14,262,Tun M Khuatir BN-Umno Tewas PRU-14,berkaitan
61,Tiada PRK di Cameron Highlands Januari depan,263,PRK Parlimen Cameron Highlands pada 26 Januari,tidak setuju
61,Tiada PRK di Cameron Highlands Januari depan,264,PRK Cameron Highlands: Penamaan calon 12 Januari,tidak setuju
61,Tiada PRK di Cameron Highlands Januari depan,265,PAS tak bertanding PRK Cameron Highlands,berkaitan
61,Tiada PRK di Cameron Highlands Januari depan,266,Awalkan tarikh perkahwinan kerana PRK Cameron Highlands,tidak berkaitan
61,Tiada PRK di Cameron Highlands Januari depan,267,SURUHANJAYA Pilihan Raya (SPR) menetapkan 26 Januari depan PRK Cameron Highlands,tidak setuju
61,Tiada PRK di Cameron Highlands Januari depan,268,Polis buat persiapan rapi menjelang PRK Cameron Highlands,berkaitan
62,PRK di Cameron Highlands Januari depan,269,PRK Parlimen Cameron Highlands pada 26 Januari,setuju
62,PRK di Cameron Highlands Januari depan,270,PRK Cameron Highlands: Penamaan calon 12 Januari,setuju
62,PRK di Cameron Highlands Januari depan,271,PAS tak bertanding PRK Cameron Highlands,berkaitan
62,PRK di Cameron Highlands Januari depan,272,Awalkan tarikh perkahwinan kerana PRK Cameron Highlands,tidak berkaitan
62,PRK di Cameron Highlands Januari depan,273,SURUHANJAYA Pilihan Raya (SPR) menetapkan 26 Januari depan PRK Cameron Highlands,setuju
62,PRK di Cameron Highlands Januari depan,274,Polis buat persiapan rapi menjelang PRK Cameron Highlands,berkaitan
63,Pak Rawi tidak keluar UMNO,275,"Bekas Adun akar umbi Umno, Datuk Mohd Rawi Abd Hamid keluar parti di Langkawi",tidak setuju
63,Pak Rawi tidak keluar UMNO,276,"Datuk Mohd Rawi Abd Hamid, bekas Exco Kedah mengumumkan keluar parti UMNO bersama tujuh ahli cawangan lain.",tidak setuju
63,Pak Rawi tidak keluar UMNO,277,Pak Rawi keluar UMNO,tidak setuju
63,Pak Rawi tidak keluar UMNO,278,Ismail Sabri galas tugas Timbalan Presiden UMNO,tidak berkaitan
63,Pak Rawi tidak keluar UMNO,279,"Ramai keluar parti, UMNO hilang punca - Veteran parti",berkaitan
63,Pak Rawi tidak keluar UMNO,280,Jangan keluar UMNO demi kepentingan peribadi - Zahid,berkaitan
64,Pak Rawi keluar UMNO,281,"Bekas Adun akar umbi Umno, Datuk Mohd Rawi Abd Hamid keluar parti di Langkawi",setuju
64,Pak Rawi keluar UMNO,282,"Datuk Mohd Rawi Abd Hamid, bekas Exco Kedah mengumumkan keluar parti UMNO bersama tujuh ahli cawangan lain.",setuju
64,Pak Rawi keluar UMNO,283,Pak Rawi keluar UMNO,setuju
64,Pak Rawi keluar UMNO,284,Ismail Sabri galas tugas Timbalan Presiden UMNO,tidak berkaitan
64,Pak Rawi keluar UMNO,285,"Ramai keluar parti, UMNO hilang punca - Veteran parti",berkaitan
64,Pak Rawi keluar UMNO,286,Jangan keluar UMNO demi kepentingan peribadi - Zahid,berkaitan
65,Hanis Zalikha sekeluarga tidak pergi umrah,287,Fattah Amin tunai umrah dengan Fazura,tidak berkaitan
65,Hanis Zalikha sekeluarga tidak pergi umrah,288,Shuib bawa Siti Sarah tunai umrah kali kedua minggu depan,tidak berkaitan
65,Hanis Zalikha sekeluarga tidak pergi umrah,289,"Patut lama tak update instagram, pergi umrah rupanya. - Peminat puji sikap Hanis Zalikha Sekeluarga tidak menunjuk",tidak setuju
65,Hanis Zalikha sekeluarga tidak pergi umrah,290,Hanis Zalikha Sekeluarga mengerjakan umrah,tidak setuju
65,Hanis Zalikha sekeluarga tidak pergi umrah,291,Hanis Zalikha Sekeluarga pergi menunaikan umrah,tidak setuju
65,Hanis Zalikha sekeluarga tidak pergi umrah,292,"Tunai umrah, Hanis Zalikha Sekeluarga berangkat ke Mekah",tidak setuju
66,Hanis Zalikha sekeluarga pergi umrah,293,Fattah Amin tunai umrah dengan Fazura,tidak berkaitan
66,Hanis Zalikha sekeluarga pergi umrah,294,Shuib bawa Siti Sarah tunai umrah kali kedua minggu depan,tidak berkaitan
66,Hanis Zalikha sekeluarga pergi umrah,295,"Patut lama tak update instagram, pergi umrah rupanya. - Peminat puji sikap Hanis Zalikha Sekeluarga tidak menunjuk",setuju
66,Hanis Zalikha sekeluarga pergi umrah,296,Hanis Zalikha Sekeluarga mengerjakan umrah,setuju
66,Hanis Zalikha sekeluarga pergi umrah,297,Hanis Zalikha Sekeluarga pergi menunaikan umrah,setuju
66,Hanis Zalikha sekeluarga pergi umrah,298,"Tunai umrah, Hanis Zalikha Sekeluarga berangkat ke Mekah",setuju
67,Hanis Zalikha sekeluarga tidak dapat pulang dari mengerjakan umrah,299,Alhamdulilah Kami Dah Selamat Pulang - Hanis Zalikha Sekeluarga Dipuji Tidak Memuat Naik Foto Ketika Umrah,tidak setuju
68,Hanis Zalikha sekeluarga selamat pulang dari mengerjakan umrah,300,Alhamdulilah Kami Dah Selamat Pulang - Hanis Zalikha Sekeluarga Dipuji Tidak Memuat Naik Foto Ketika Umrah,setuju
69,Maszlee minta guru jadikan sekolah medan dakwah,301,Menteri Pendidikan Dr Maszlee Malik menolak dakwaan meminta guru-guru menjadikan sekolah sebagai medan untuk dakwah agama,tidak setuju
69,Maszlee minta guru jadikan sekolah medan dakwah,302,Maszlee tidak pernah cadang tukar Sekolah Bantuan Kerajaan SBK kepada sekolah kebangsaan,tidak berkaitan
70,Maszlee nafi minta guru jadikan sekolah medan dakwah,303,Menteri Pendidikan Dr Maszlee Malik menolak dakwaan meminta guru-guru menjadikan sekolah sebagai medan untuk dakwah agama,setuju
70,Maszlee nafi minta guru jadikan sekolah medan dakwah,304,Maszlee tidak pernah cadang tukar Sekolah Bantuan Kerajaan SBK kepada sekolah kebangsaan,tidak berkaitan
71,Kementerian Pertahanan ambil 75 Wataniah belia India yang tidak layak,305,Kementerian Pertahanan nafi ambil 75 Wataniah belia India yang tidak layak,tidak setuju
71,Kementerian Pertahanan ambil 75 Wataniah belia India yang tidak layak,306,Kementerian Pertahanan tidak serap 75 pelatih India walaupun tidak mempunyai kelayakan,tidak setuju
71,Kementerian Pertahanan ambil 75 Wataniah belia India yang tidak layak,307,Kementerian Pertahanan menafikan pihaknya memberi jaminan untuk mengambil kesemua 75 belia berbangsa India,tidak setuju
71,Kementerian Pertahanan ambil 75 Wataniah belia India yang tidak layak,308,Kementerian Pertahanan menafikan mengenai catatan di laman Facebook dan laporan sebuah surat khabar Tamil yang mengatakan pihaknya telah bersetuju mengambil kesemua 75 orang belia berbangsa India,tidak setuju
72,Kementerian Pertahanan nafi ambil 75 Wataniah belia India yang tidak layak,309,Kementerian Pertahanan nafi ambil 75 Wataniah belia India yang tidak layak,setuju
72,Kementerian Pertahanan nafi ambil 75 Wataniah belia India yang tidak layak,310,Kementerian Pertahanan tidak serap 75 pelatih India walaupun tidak mempunyai kelayakan,setuju
72,Kementerian Pertahanan nafi ambil 75 Wataniah belia India yang tidak layak,311,Kementerian Pertahanan menafikan pihaknya memberi jaminan untuk mengambil kesemua 75 belia berbangsa India,setuju
72,Kementerian Pertahanan nafi ambil 75 Wataniah belia India yang tidak layak,312,Kementerian Pertahanan menafikan mengenai catatan di laman Facebook dan laporan sebuah surat khabar Tamil yang mengatakan pihaknya telah bersetuju mengambil kesemua 75 orang belia berbangsa India,setuju
73,Pihak Pengurusan kanan Tabung Haji TH tidak direman 4 hari,313,"Mahkamah Majistret semalam membebaskan seorang pengurusan kanan Lembaga Tabung Haji (TH) bergelar Datuk selepas empat hari direman bagi membantu siasatan berhubung dakwaan kes rasuah berbentuk pengubahsuaian rumah bernilai RM400,000.",tidak setuju
73,Pihak Pengurusan kanan Tabung Haji TH tidak direman 4 hari,314,"Seorang pengurusan kanan Tabung Haji TH direman 4 hari bantu siasatan kes rasuah RM400,000",tidak setuju
74,Pihak Pengurusan kanan Tabung Haji TH dibebas selepas direman 4 hari,315,"Mahkamah Majistret semalam membebaskan seorang pengurusan kanan Lembaga Tabung Haji (TH) bergelar Datuk selepas empat hari direman bagi membantu siasatan berhubung dakwaan kes rasuah berbentuk pengubahsuaian rumah bernilai RM400,000.",setuju
74,Pihak Pengurusan kanan Tabung Haji TH dibebas selepas direman 4 hari,316,"Seorang pengurusan kanan Tabung Haji TH direman 4 hari bantu siasatan kes rasuah RM400,000",setuju
75,Lompat parti bukan sebab Nurul Izzah lepas jawatan,317,Pemimpin Umno keluar parti antara punca Nurul Izzah letak jawatan,tidak setuju
75,Lompat parti bukan sebab Nurul Izzah lepas jawatan,318,"Nurul Izzah letak jawatan Naib Presiden, Pengerusi PKR Pulau Pinang",berkaitan
75,Lompat parti bukan sebab Nurul Izzah lepas jawatan,319,Tindakan Ahli-ahli Parlimen pembangkang yang melompat menyelamatkan nyawa politik untuk rancangan yang jelek didedahkan antara punca Nurul Izzah Anwar meletakkan jawatan sebagai Naib Presiden Parti Keadilan Rakyat (PKR),tidak setuju
75,Lompat parti bukan sebab Nurul Izzah lepas jawatan,320,Peletakan jawatan Nurul Izzah Anwar sebagai Naib Presiden PKR dan Pengerusi PKR Pulau Pinang dipercayai disebabkan kekecewaan beliau dengan percaturan politik yang berlaku dalam parti dan PH.,tidak setuju
76,Lompat parti antara sebab Nurul Izzah lepas jawatan,321,Pemimpin Umno keluar parti antara punca Nurul Izzah letak jawatan,setuju
76,Lompat parti antara sebab Nurul Izzah lepas jawatan,322,"Nurul Izzah letak jawatan Naib Presiden, Pengerusi PKR Pulau Pinang",berkaitan
76,Lompat parti antara sebab Nurul Izzah lepas jawatan,323,Tindakan Ahli-ahli Parlimen pembangkang yang melompat menyelamatkan nyawa politik untuk rancangan yang jelek didedahkan antara punca Nurul Izzah Anwar meletakkan jawatan sebagai Naib Presiden Parti Keadilan Rakyat (PKR),setuju
76,Lompat parti antara sebab Nurul Izzah lepas jawatan,324,Peletakan jawatan Nurul Izzah Anwar sebagai Naib Presiden PKR dan Pengerusi PKR Pulau Pinang dipercayai disebabkan kekecewaan beliau dengan percaturan politik yang berlaku dalam parti dan PH.,setuju
77,"Pengarah Eksekutif Utusan Melayu (M) Bhd, Datuk Dr Ibrahim Yahya, tidak meletak jawatan daripada syarikat akhbar itu",325,"Pengarah Eksekutif Utusan Melayu (M) Bhd, Datuk Dr Ibrahim Yahya, meletak jawatan daripada syarikat akhbar itu berkuatkuasa serta merta.",tidak setuju
77,"Pengarah Eksekutif Utusan Melayu (M) Bhd, Datuk Dr Ibrahim Yahya, tidak meletak jawatan daripada syarikat akhbar itu",326,Utusan Melayu (M) Berhad mengumumkan peletakan jawatan Pengarah Eksekutifnya Datuk Dr Ibrahim Yahaya berkuat kuasa hari ini.,tidak setuju
77,"Pengarah Eksekutif Utusan Melayu (M) Bhd, Datuk Dr Ibrahim Yahya, tidak meletak jawatan daripada syarikat akhbar itu",327,Abd Aziz letak jawatan Pengerusi Eksekutif Utusan Melayu,tidak berkaitan
77,"Pengarah Eksekutif Utusan Melayu (M) Bhd, Datuk Dr Ibrahim Yahya, tidak meletak jawatan daripada syarikat akhbar itu",328,Irmohizam terkejut dilantik Pengarah Utusan Melayu,berkaitan
77,"Pengarah Eksekutif Utusan Melayu (M) Bhd, Datuk Dr Ibrahim Yahya, tidak meletak jawatan daripada syarikat akhbar itu",329,Utusan lantik empat ahli lembaga pengarah baharu,tidak berkaitan
78,"Pengarah Eksekutif Utusan Melayu (M) Bhd, Datuk Dr Ibrahim Yahya, meletak jawatan daripada syarikat akhbar itu",330,"Pengarah Eksekutif Utusan Melayu (M) Bhd, Datuk Dr Ibrahim Yahya, meletak jawatan daripada syarikat akhbar itu berkuatkuasa serta merta.",setuju
78,"Pengarah Eksekutif Utusan Melayu (M) Bhd, Datuk Dr Ibrahim Yahya, meletak jawatan daripada syarikat akhbar itu",331,Utusan Melayu (M) Berhad mengumumkan peletakan jawatan Pengarah Eksekutifnya Datuk Dr Ibrahim Yahaya berkuat kuasa hari ini.,setuju
78,"Pengarah Eksekutif Utusan Melayu (M) Bhd, Datuk Dr Ibrahim Yahya, meletak jawatan daripada syarikat akhbar itu",332,Abd Aziz letak jawatan Pengerusi Eksekutif Utusan Melayu,tidak berkaitan
78,"Pengarah Eksekutif Utusan Melayu (M) Bhd, Datuk Dr Ibrahim Yahya, meletak jawatan daripada syarikat akhbar itu",333,Irmohizam terkejut dilantik Pengarah Utusan Melayu,berkaitan
78,"Pengarah Eksekutif Utusan Melayu (M) Bhd, Datuk Dr Ibrahim Yahya, meletak jawatan daripada syarikat akhbar itu",334,Utusan lantik empat ahli lembaga pengarah baharu,tidak berkaitan
79,Irmohizam tidak dilantik Pengarah Utusan Melayu,335,Abdul Aziz letak jawatan Pengerusi Eksekutif Utusan Melayu UMMB,tidak berkaitan
79,Irmohizam tidak dilantik Pengarah Utusan Melayu,336,Irmohizam Terkejut dilantik pengarah bebas Utusan Melayu UMMB,tidak setuju
79,Irmohizam tidak dilantik Pengarah Utusan Melayu,337,Irmohizam kini memegang jawatan sebagai Pengarah Utusan Melayu,tidak setuju
80,Irmohizam dilantik Pengarah Utusan Melayu,338,Abdul Aziz letak jawatan Pengerusi Eksekutif Utusan Melayu UMMB,tidak berkaitan
80,Irmohizam dilantik Pengarah Utusan Melayu,339,Irmohizam Terkejut dilantik pengarah bebas Utusan Melayu UMMB,setuju
80,Irmohizam dilantik Pengarah Utusan Melayu,340,Irmohizam kini memegang jawatan sebagai Pengarah Utusan Melayu,setuju
81,Datuk Abd Aziz Sheikh Fadzir tidak letak jawatan Pengerusi Eksekutif Utusan Melayu,341,Abdul Aziz letak jawatan Pengerusi Eksekutif Utusan Melayu UMMB,tidak setuju
81,Datuk Abd Aziz Sheikh Fadzir tidak letak jawatan Pengerusi Eksekutif Utusan Melayu,342,"Turut diumumkan ialah peletakan jawatan Pengerusi Eksekutif, Datuk Abd Aziz Sheikh Fadzir.",tidak setuju
81,Datuk Abd Aziz Sheikh Fadzir tidak letak jawatan Pengerusi Eksekutif Utusan Melayu,343,Abd Aziz yang juga bekas Ahli Parlimen Kulim-Bandar Bahru meletak jawatan kerana komitmen perniagaan peribadi.,tidak setuju
81,Datuk Abd Aziz Sheikh Fadzir tidak letak jawatan Pengerusi Eksekutif Utusan Melayu,344,Aziz letak jawatan pengerusi eksekutif Utusan selepas 6 bulan,tidak setuju
81,Datuk Abd Aziz Sheikh Fadzir tidak letak jawatan Pengerusi Eksekutif Utusan Melayu,345,Bekas ahli Parlimen Abd Aziz letak jawatan pengerusi eksekutif Utusan,tidak setuju
82,Datuk Abd Aziz Sheikh Fadzir letak jawatan Pengerusi Eksekutif Utusan Melayu,346,Abdul Aziz letak jawatan Pengerusi Eksekutif Utusan Melayu UMMB,setuju
82,Datuk Abd Aziz Sheikh Fadzir letak jawatan Pengerusi Eksekutif Utusan Melayu,347,"Turut diumumkan ialah peletakan jawatan Pengerusi Eksekutif, Datuk Abd Aziz Sheikh Fadzir.",setuju
82,Datuk Abd Aziz Sheikh Fadzir letak jawatan Pengerusi Eksekutif Utusan Melayu,348,Abd Aziz yang juga bekas Ahli Parlimen Kulim-Bandar Bahru meletak jawatan kerana komitmen perniagaan peribadi.,setuju
82,Datuk Abd Aziz Sheikh Fadzir letak jawatan Pengerusi Eksekutif Utusan Melayu,349,Aziz letak jawatan pengerusi eksekutif Utusan selepas 6 bulan,setuju
82,Datuk Abd Aziz Sheikh Fadzir letak jawatan Pengerusi Eksekutif Utusan Melayu,350,Bekas ahli Parlimen Abd Aziz letak jawatan pengerusi eksekutif Utusan,setuju
83,Wan Ahmad Rudirman tidak dilantik CEO Terengganu Inc,351,"Terengganu Incorporated Sdn Bhd melantik Dr Wan Ahmad Rudirman Wan Razak sebagai Ketua Pegawai Eksekutif Kumpulan, berkuat kuasa 1 Januari 2017.",tidak setuju
83,Wan Ahmad Rudirman tidak dilantik CEO Terengganu Inc,352,Dr Wan Ahmad Rudirman CEO Baharu Terengganu ,tidak setuju
84,Wan Ahmad Rudirman dilantik CEO Terengganu Inc,353,"Terengganu Incorporated Sdn Bhd melantik Dr Wan Ahmad Rudirman Wan Razak sebagai Ketua Pegawai Eksekutif Kumpulan, berkuat kuasa 1 Januari 2017.",setuju
84,Wan Ahmad Rudirman dilantik CEO Terengganu Inc,354,Dr Wan Ahmad Rudirman CEO Baharu Terengganu ,setuju
85,Zainuddin Maidin tidak meninggal dunia,355,Zainuddin Maidin meninggal dunia,tidak setuju
85,Zainuddin Maidin tidak meninggal dunia,356,Zainuddin Maidin selamat dikebumi di Tanah Perkuburan Islam,tidak setuju
85,Zainuddin Maidin tidak meninggal dunia,357,Zainuddin Maidin dirawat di ICU,berkaitan
85,Zainuddin Maidin tidak meninggal dunia,358,Zainuddin Maidin dilaporkan kritikal,berkaitan
85,Zainuddin Maidin tidak meninggal dunia,359,Jenazah Zainuddin Maidin dibawa pulang ke Putrajaya,tidak setuju
86,Zainuddin Maidin meninggal dunia,360,Zainuddin Maidin meninggal dunia,setuju
86,Zainuddin Maidin meninggal dunia,361,Zainuddin Maidin selamat dikebumi di Tanah Perkuburan Islam,setuju
86,Zainuddin Maidin meninggal dunia,362,Zainuddin Maidin dirawat di ICU,berkaitan
86,Zainuddin Maidin meninggal dunia,363,Zainuddin Maidin dilaporkan kritikal,berkaitan
86,Zainuddin Maidin meninggal dunia,364,Jenazah Zainuddin Maidin dibawa pulang ke Putrajaya,setuju
87,Mohamad Hasan berperanan sebagai Naib Timbalan Pengerusi BN,365,"Timbalan Presiden UMNO, Datuk Seri Mohamad Hasan kini turut memainkan peranan sebagai Pengerusi Barisan Nasional (BN)",tidak setuju
87,Mohamad Hasan berperanan sebagai Naib Timbalan Pengerusi BN,366,"Ahli-ahli UMNO kini amat mengharapkan sentuhan Timbalan Presiden parti, Datuk Seri Mohamad Hasan setelah diberi peranan menjalankan tugas-tugas Presiden UMNO.",tidak setuju
87,Mohamad Hasan berperanan sebagai Naib Timbalan Pengerusi BN,367,"Timbalan Presiden UMNO, Datuk Seri Mohamad Hasan",berkaitan
88,Mohamad Hasan kini berperanan sebagai Pengerusi BN,368,"Timbalan Presiden UMNO, Datuk Seri Mohamad Hasan kini turut memainkan peranan sebagai Pengerusi Barisan Nasional (BN)",setuju
88,Mohamad Hasan kini berperanan sebagai Pengerusi BN,369,"Ahli-ahli UMNO kini amat mengharapkan sentuhan Timbalan Presiden parti, Datuk Seri Mohamad Hasan setelah diberi peranan menjalankan tugas-tugas Presiden UMNO.",setuju
88,Mohamad Hasan kini berperanan sebagai Pengerusi BN,370,"Timbalan Presiden UMNO, Datuk Seri Mohamad Hasan",berkaitan
89,Khairy Jamaluddin Ketua Pemuda UMNO,371,"bekas Ketua Pemuda UMNO, Khairy Jamaluddin menerima teguran pemimpin partinya sendiri",tidak setuju
89,Khairy Jamaluddin Ketua Pemuda UMNO,372,"selaku bekas ketua Pergerakan Pemuda Umno, Khairy  Jamaluddin",tidak setuju
89,Khairy Jamaluddin Ketua Pemuda UMNO,373,"Bekas ketua pemuda Umno, Khairy Jamaludin Abu Bakar menempelak kenyataan Datuk Seri Najib Razak",tidak setuju
90,Khairy Jamaluddin bekas Ketua Pemuda UMNO,374,"bekas Ketua Pemuda UMNO, Khairy Jamaluddin menerima teguran pemimpin partinya sendiri",setuju
90,Khairy Jamaluddin bekas Ketua Pemuda UMNO,375,"selaku bekas ketua Pergerakan Pemuda Umno, Khairy  Jamaluddin",setuju
90,Khairy Jamaluddin bekas Ketua Pemuda UMNO,376,"Bekas ketua pemuda Umno, Khairy Jamaludin Abu Bakar menempelak kenyataan Datuk Seri Najib Razak",setuju
91,Syed Saddiq Syed Abdul Rahman bukan Ketua Angkatan Bersatu Anak Muda (Armada),377,"Angkatan Bersatu Anak Muda (ARMADA) Parti Pribumi Bersatu Malaysia (BERSATU) Selangor menegaskan akan teguh menyokong Ketuanya, Syed Saddiq Syed Abdul Rahman",tidak setuju
91,Syed Saddiq Syed Abdul Rahman bukan Ketua Angkatan Bersatu Anak Muda (Armada),378,"Ketua Angkatan Bersatu Anak Muda (Armada), Syed Saddiq Syed Abdul Rahman menyokong desakan supaya Menteri di Jabatan Perdana Menteri, P. Waytha Moorthy meletakkan jawatan ",berkaitan
91,Syed Saddiq Syed Abdul Rahman bukan Ketua Angkatan Bersatu Anak Muda (Armada),379,"Ketua Angkatan Bersatu Anak Muda (Armada), Syed Saddiq Syed Abdul Rahman ",tidak setuju
92,Syed Saddiq Syed Abdul Rahman merupakan Ketua Angkatan Bersatu Anak Muda (Armada),380,"Angkatan Bersatu Anak Muda (ARMADA) Parti Pribumi Bersatu Malaysia (BERSATU) Selangor menegaskan akan teguh menyokong Ketuanya, Syed Saddiq Syed Abdul Rahman",setuju
92,Syed Saddiq Syed Abdul Rahman merupakan Ketua Angkatan Bersatu Anak Muda (Armada),381,"Ketua Angkatan Bersatu Anak Muda (Armada), Syed Saddiq Syed Abdul Rahman menyokong desakan supaya Menteri di Jabatan Perdana Menteri, P. Waytha Moorthy meletakkan jawatan ",berkaitan
92,Syed Saddiq Syed Abdul Rahman merupakan Ketua Angkatan Bersatu Anak Muda (Armada),382,"Ketua Angkatan Bersatu Anak Muda (Armada), Syed Saddiq Syed Abdul Rahman ",setuju
93,"Timbalan Perdana Menteri, P Ramasamy",383,isu Timbalan Ketua  Menteri 11 Prof P. Ramasamy yang dikaitkan dengan dakwaan mempunyai kaitan dengan Harimau Pembebasan Tamil (LTTE).,tidak setuju
93,"Timbalan Perdana Menteri, P Ramasamy",384,"Timbalan Ketua Menteri II Pulau Pinang, P Ramasamy ",tidak setuju
94,"Timbalan Ketua Menteri II, P Ramasamy",385,isu Timbalan Ketua  Menteri 11 Prof P. Ramasamy yang dikaitkan dengan dakwaan mempunyai kaitan dengan Harimau Pembebasan Tamil (LTTE).,setuju
94,"Timbalan Ketua Menteri II, P Ramasamy",386,"Timbalan Ketua Menteri II Pulau Pinang, P Ramasamy ",setuju
95,Artis Korea Diharam Buat Persembahan Di Malaysia Berkuatkuasa 2020,387,"Menteri Komunikasi dan Multimedia Malaysia, YB Gobind Singh Deo menafikan bahawa beliau melarang artis kpop ke Malaysia.",tidak setuju
95,Artis Korea Diharam Buat Persembahan Di Malaysia Berkuatkuasa 2021,388,YB Gobind Singh Deo tidak pernah memberi penyataan mengenai Artis Korea Diharam Buat Persembahan Di Malaysia,tidak setuju
95,Artis Korea Diharam Buat Persembahan Di Malaysia Berkuatkuasa 2022,389,Mana ada kerajaan haramkan artis K-Pop - Gobind,tidak setuju
96,Artis Korea Diharam Buat Persembahan Di Malaysia Berkuatkuasa 2020 adalah palsu,390,"Menteri Komunikasi dan Multimedia Malaysia, YB Gobind Singh Deo menafikan bahawa beliau melarang artis kpop ke Malaysia.",setuju
96,Artis Korea Diharam Buat Persembahan Di Malaysia Berkuatkuasa 2020 adalah palsu,391,YB Gobind Singh Deo tidak pernah memberi penyataan mengenai Artis Korea Diharam Buat Persembahan Di Malaysia,setuju
96,Artis Korea Diharam Buat Persembahan Di Malaysia Berkuatkuasa 2020 adalah palsu,392,Mana ada kerajaan haramkan artis K-Pop - Gobind,setuju
97,Sultan Selangor Dan Sultan Johor Hadir Ke Himpunan ICERD,393,D.Y.M.M. Sultan Selangor kesal dan dukacita dengan kenyataan yang tersebar di media sosial dan menafikan bahawa Sultan johor pemangku sultan pahang sultan Selangor turun Himpunan ICERD bersama anak Melayu Bumiputera,tidak setuju
97,Sultan Selangor Dan Sultan Johor Hadir Ke Himpunan ICERD,394,Sultan johor pemangku sultan pahang sultan Selangor tidak turun terlibat dalam Himpunan ICERD,tidak setuju
97,Sultan Selangor Dan Sultan Johor Hadir Ke Himpunan ICERD,395,Tiada kaitan Himpunan ICERD dengan Sultan Selangor,tidak setuju
97,Sultan Selangor Dan Sultan Johor Hadir Ke Himpunan ICERD,396,Sultan Selangor kesal dikaitkan dengan Himpunan ICERD,tidak setuju
98,Sultan Selangor Dan Sultan Johor Tidak Pernah Hadir Ke Himpunan ICERD,397,D.Y.M.M. Sultan Selangor kesal dan dukacita dengan kenyataan yang tersebar di media sosial dan menafikan bahawa Sultan johor pemangku sultan pahang sultan Selangor turun Himpunan ICERD bersama anak Melayu Bumiputera,setuju
98,Sultan Selangor Dan Sultan Johor Tidak Pernah Hadir Ke Himpunan ICERD,398,Sultan johor pemangku sultan pahang sultan Selangor tidak turun terlibat dalam Himpunan ICERD,setuju
98,Sultan Selangor Dan Sultan Johor Tidak Pernah Hadir Ke Himpunan ICERD,399,Tiada kaitan Himpunan ICERD dengan Sultan Selangor,setuju
98,Sultan Selangor Dan Sultan Johor Tidak Pernah Hadir Ke Himpunan ICERD,400,Sultan Selangor kesal dikaitkan dengan Himpunan ICERD,setuju
99,straw minuman tidak diharamkan,401,"Berkuat kuasa 1 Januari hadapan, penggunaan penyedut minuman plastik akan diharamkan di semua premis perniagaan menjual makanan dan minuman bagi mengurangkan pencemaran berasaskan plastik dan memulihara alam sekitar.",tidak setuju
99,straw minuman tidak diharamkan,402,Penyedut minuman plastik diharam,tidak setuju
99,straw minuman tidak diharamkan,403,Straw bakal diharamkan di England,tidak berkaitan
99,straw minuman tidak diharamkan,404,Kementerian Wilayah akan mengharamkan penggunaan penyedut minuman plastik di semua kedai dan restoran makanan ,tidak setuju
99,straw minuman tidak diharamkan,405,Azab straw tercucuk hidung penyu,berkaitan
99,straw minuman tidak diharamkan,406,"Larangan guna straw hanya untuk peniaga, pengusaha kedai makan",tidak setuju
99,straw minuman tidak diharamkan,407,Straw plastik diharamkan,tidak setuju
100,straw minuman diharamkan,408,"Berkuat kuasa 1 Januari hadapan, penggunaan penyedut minuman plastik akan diharamkan di semua premis perniagaan menjual makanan dan minuman bagi mengurangkan pencemaran berasaskan plastik dan memulihara alam sekitar.",setuju
100,straw minuman diharamkan,409,Penyedut minuman plastik diharam,setuju
100,straw minuman diharamkan,410,Straw bakal diharamkan di England,tidak berkaitan
100,straw minuman diharamkan,411,Kementerian Wilayah akan mengharamkan penggunaan penyedut minuman plastik di semua kedai dan restoran makanan ,setuju
100,straw minuman diharamkan,412,Azab straw tercucuk hidung penyu,berkaitan
100,straw minuman diharamkan,413,"Larangan guna straw hanya untuk peniaga, pengusaha kedai makan",setuju
100,straw minuman diharamkan,414,Straw plastik diharamkan,setuju
101,pekerja asing masih dibenarkan bekerja di restoran mulai 2019,415,"Mulai 1 Jan 2019, hanya tukang masak tempatan dibenarkan",tidak setuju
101,pekerja asing masih dibenarkan bekerja di restoran mulai 2019,416,Hanya tukang masak tempatan mulai 2019,tidak setuju
101,pekerja asing masih dibenarkan bekerja di restoran mulai 2019,417,Pekerja asing tak boleh masak masakan Malaysia,tidak setuju
101,pekerja asing masih dibenarkan bekerja di restoran mulai 2019,418,Arahan guna tukang masak tempatan perlu dikaji,berkaitan
101,pekerja asing masih dibenarkan bekerja di restoran mulai 2019,419,Pengambilan tukang masak asing dikaji,berkaitan
101,pekerja asing masih dibenarkan bekerja di restoran mulai 2019,420,Kementerian Sumber Manusia menggesa semua restoran di negara ini mengambil tukang masak tempatan untuk bekerja di restoran masing-masing mulai 1 Julai ini.,tidak setuju
101,pekerja asing masih dibenarkan bekerja di restoran mulai 2019,421,semua pengusaha akan diberi tempoh hingga hujung tahun ini untuk memastikan hanya tukang masak tempatan sahaja bekerja di restoran ,tidak setuju
102,tiada pekerja asing di restoran mulai 2019,422,"Mulai 1 Jan 2019, hanya tukang masak tempatan dibenarkan",setuju
102,tiada pekerja asing di restoran mulai 2019,423,Hanya tukang masak tempatan mulai 2019,setuju
102,tiada pekerja asing di restoran mulai 2019,424,Pekerja asing tak boleh masak masakan Malaysia,setuju
102,tiada pekerja asing di restoran mulai 2019,425,Arahan guna tukang masak tempatan perlu dikaji,berkaitan
102,tiada pekerja asing di restoran mulai 2019,426,Pengambilan tukang masak asing dikaji,berkaitan
102,tiada pekerja asing di restoran mulai 2019,427,Kementerian Sumber Manusia menggesa semua restoran di negara ini mengambil tukang masak tempatan untuk bekerja di restoran masing-masing mulai 1 Julai ini.,setuju
102,tiada pekerja asing di restoran mulai 2019,428,semua pengusaha akan diberi tempoh hingga hujung tahun ini untuk memastikan hanya tukang masak tempatan sahaja bekerja di restoran ,setuju
103,Kementerian Pengangkutan setuju dengan keputusan berhubung kenaikan tambang bas,429,Kementerian Pengangkutan belum ada keputusan berhubung kenaikan tambang bas,tidak setuju
103,Kementerian Pengangkutan setuju dengan keputusan berhubung kenaikan tambang bas,430,Kementerian Pengangkutan belum ada keputusan kenaikan tambang bas ekspres,tidak setuju
103,Kementerian Pengangkutan setuju dengan keputusan berhubung kenaikan tambang bas,431,Ambil kira kepentingan rakyat sebelum naik tambang bas ekspres,tidak setuju
103,Kementerian Pengangkutan setuju dengan keputusan berhubung kenaikan tambang bas,432,Belum ada keputusan untuk naikkan tambang bas ekspres,tidak setuju
103,Kementerian Pengangkutan setuju dengan keputusan berhubung kenaikan tambang bas,433,Kerajaan masih timbang kenaikan tambang bas ekspres,tidak setuju
103,Kementerian Pengangkutan setuju dengan keputusan berhubung kenaikan tambang bas,434,Jejantas dari stesen MRT Bandar Utama ke 1 Utama dibuka,tidak berkaitan
104,Kementerian Pengangkutan belum ada keputusan berhubung kenaikan tambang bas,435,Kementerian Pengangkutan belum ada keputusan berhubung kenaikan tambang bas,setuju
104,Kementerian Pengangkutan belum ada keputusan berhubung kenaikan tambang bas,436,Kementerian Pengangkutan belum ada keputusan kenaikan tambang bas ekspres,setuju
104,Kementerian Pengangkutan belum ada keputusan berhubung kenaikan tambang bas,437,Ambil kira kepentingan rakyat sebelum naik tambang bas ekspres,setuju
104,Kementerian Pengangkutan belum ada keputusan berhubung kenaikan tambang bas,438,Belum ada keputusan untuk naikkan tambang bas ekspres,setuju
104,Kementerian Pengangkutan belum ada keputusan berhubung kenaikan tambang bas,439,Kerajaan masih timbang kenaikan tambang bas ekspres,setuju
104,Kementerian Pengangkutan belum ada keputusan berhubung kenaikan tambang bas,440,Jejantas dari stesen MRT Bandar Utama ke 1 Utama dibuka,tidak berkaitan
105,Nama Muhammad Adib tidak diabadikan di Tugu Peringatan Fallen Heroes,441,Nama Muhammad Adib kini diabadikan di Tugu Peringatan Fallen,tidak setuju
105,Nama Muhammad Adib tidak diabadikan di Tugu Peringatan Fallen Heroes,442,Nama Muhammad Adib diabadikan di Tugu Peringatan Fallen Heroes,tidak setuju
105,Nama Muhammad Adib tidak diabadikan di Tugu Peringatan Fallen Heroes,443,Adib perlu dikenang sebagai wira - Bapa saudara | Astro Awani,berkaitan
105,Nama Muhammad Adib tidak diabadikan di Tugu Peringatan Fallen Heroes,444,Sultan Kedah cemar duli ziarah Muhammad Adib di IJN,berkaitan
106,Nama Muhammad Adib kini diabadikan di Tugu Peringatan Fallen Heroes,445,Nama Muhammad Adib kini diabadikan di Tugu Peringatan Fallen,setuju
106,Nama Muhammad Adib kini diabadikan di Tugu Peringatan Fallen Heroes,446,Nama Muhammad Adib diabadikan di Tugu Peringatan Fallen Heroes,setuju
106,Nama Muhammad Adib kini diabadikan di Tugu Peringatan Fallen Heroes,447,Adib perlu dikenang sebagai wira - Bapa saudara | Astro Awani,berkaitan
106,Nama Muhammad Adib kini diabadikan di Tugu Peringatan Fallen Heroes,448,Sultan Kedah cemar duli ziarah Muhammad Adib di IJN,berkaitan
107,ADAM50 masih diteruskan tahun depan,449,Najib sedih ADAM50 dimansuh mulai tahun depan,tidak setuju
107,ADAM50 masih diteruskan tahun depan,450,"Tak suka nama ADAM50 tukar, jangan mansuh - Najib",tidak setuju
107,ADAM50 masih diteruskan tahun depan,451,Permodalan Nasional Berhas PNB mengumumkan Program Amanah Dana Anak Malaysia ADAM50 akan ditamatkan pada 31 Disember berikutan kurang sambutan,tidak setuju
107,ADAM50 masih diteruskan tahun depan,452,Khairy tegur tindakan PNB mansuh ADAM50,tidak setuju
107,ADAM50 masih diteruskan tahun depan,453,ADAM50 dihentikan akhir tahun - Zeti,tidak setuju
107,ADAM50 masih diteruskan tahun depan,454,Inisiatif ADAM50 akan dihentikan pada akhir tahun - Zeti | Astro Awani,tidak setuju
107,ADAM50 masih diteruskan tahun depan,455,Alasan pemansuhan ADAM50 tidak boleh diterima - Khairy,tidak setuju
108,ADAM50 dihentikan akhir tahun ,456,Najib sedih ADAM50 dimansuh mulai tahun depan,setuju
108,ADAM50 dihentikan akhir tahun ,457,"Tak suka nama ADAM50 tukar, jangan mansuh - Najib",setuju
108,ADAM50 dihentikan akhir tahun ,458,Permodalan Nasional Berhas PNB mengumumkan Program Amanah Dana Anak Malaysia ADAM50 akan ditamatkan pada 31 Disember berikutan kurang sambutan,setuju
108,ADAM50 dihentikan akhir tahun ,459,Khairy tegur tindakan PNB mansuh ADAM50,setuju
108,ADAM50 dihentikan akhir tahun ,460,ADAM50 dihentikan akhir tahun - Zeti,setuju
108,ADAM50 dihentikan akhir tahun ,461,Inisiatif ADAM50 akan dihentikan pada akhir tahun - Zeti | Astro Awani,setuju
108,ADAM50 dihentikan akhir tahun ,462,Alasan pemansuhan ADAM50 tidak boleh diterima - Khairy,setuju
109,Tun Mahathir tidak bercadang untuk melancarkan Pelan Anti-Rasuah Nasional 31 Januari ini,463,Perdana Menteri lancar pelan Anti-Rasuah Nasional 31 Jan ini,tidak setuju
109,Tun Mahathir tidak bercadang untuk melancarkan Pelan Anti-Rasuah Nasional 31 Januari ini,464,Pelan Anti Rasuah Nasional 2019-2023 dilancar bulan Januari 2019,tidak setuju
109,Tun Mahathir tidak bercadang untuk melancarkan Pelan Anti-Rasuah Nasional 31 Januari ini,465,Pelan Anti-Rasuah Nasional NACP dilancar 31 Januari,tidak setuju
109,Tun Mahathir tidak bercadang untuk melancarkan Pelan Anti-Rasuah Nasional 31 Januari ini,466,Tun M dan Jemaah Menteri bertemu SPRM,berkaitan
109,Tun Mahathir tidak bercadang untuk melancarkan Pelan Anti-Rasuah Nasional 31 Januari ini,467,"Integriti sambut baik usaha kerajaan perkukuh tadbir urus, perangi rasuah",tidak berkaitan
110,Tun Mahathir lancar Pelan Anti-Rasuah Nasional 31 Januari ini,468,Perdana Menteri lancar pelan Anti-Rasuah Nasional 31 Jan ini,setuju
110,Tun Mahathir lancar Pelan Anti-Rasuah Nasional 31 Januari ini,469,Pelan Anti Rasuah Nasional 2019-2023 dilancar bulan Januari 2019,setuju
110,Tun Mahathir lancar Pelan Anti-Rasuah Nasional 31 Januari ini,470,Pelan Anti-Rasuah Nasional NACP dilancar 31 Januari,setuju
110,Tun Mahathir lancar Pelan Anti-Rasuah Nasional 31 Januari ini,471,Tun M dan Jemaah Menteri bertemu SPRM,berkaitan
110,Tun Mahathir lancar Pelan Anti-Rasuah Nasional 31 Januari ini,472,"Integriti sambut baik usaha kerajaan perkukuh tadbir urus, perangi rasuah",tidak berkaitan
111,Jho Low tidak pernah hadir dalam mesyuarat 1MDB,473,Jho Low hadir mesyuarat Lembaga Pengarah 1MDB - Jabatan Audit,tidak setuju
111,Jho Low tidak pernah hadir dalam mesyuarat 1MDB,474,Jho Low hadir mesyuarat 1MDB wakil Putera Turki - Peguam Najib,tidak setuju
111,Jho Low tidak pernah hadir dalam mesyuarat 1MDB,475,Jabatan Audit Negara diarah gugur fakta Jho Low hadir mesyuarat,tidak setuju
111,Jho Low tidak pernah hadir dalam mesyuarat 1MDB,476,Najib arah pinda audit 1MDB buang nama Jho Low,tidak setuju
111,Jho Low tidak pernah hadir dalam mesyuarat 1MDB,477,Nama Jho Low diarah gugur dari laporan akhir 1MDB,tidak setuju
111,Jho Low tidak pernah hadir dalam mesyuarat 1MDB,478,Najib arah sembunyi kehadiran Jho Low dalam mesyuarat,tidak setuju
111,Jho Low tidak pernah hadir dalam mesyuarat 1MDB,479,Arahan pinda laporan audit 1MDB serius - Khairy,berkaitan
111,Jho Low tidak pernah hadir dalam mesyuarat 1MDB,480,SPRM mula siasat pindaan Laporan Akhir Pengauditan 1MDB,berkaitan
111,Jho Low tidak pernah hadir dalam mesyuarat 1MDB,481,Minda Pengarang: Heret pesalah skandal 1MDB ke mahkamah,berkaitan
111,Jho Low tidak pernah hadir dalam mesyuarat 1MDB,482,Kos selenggara Equanimity RM 3 juta sebulan,tidak berkaitan
112,Jho Low hadir mesyuarat 1MDB,483,Jho Low hadir mesyuarat Lembaga Pengarah 1MDB - Jabatan Audit,setuju
112,Jho Low hadir mesyuarat 1MDB,484,Jho Low hadir mesyuarat 1MDB wakil Putera Turki - Peguam Najib,setuju
112,Jho Low hadir mesyuarat 1MDB,485,Jabatan Audit Negara diarah gugur fakta Jho Low hadir mesyuarat,setuju
112,Jho Low hadir mesyuarat 1MDB,486,Najib arah pinda audit 1MDB buang nama Jho Low,setuju
112,Jho Low hadir mesyuarat 1MDB,487,Nama Jho Low diarah gugur dari laporan akhir 1MDB,setuju
112,Jho Low hadir mesyuarat 1MDB,488,Najib arah sembunyi kehadiran Jho Low dalam mesyuarat,setuju
112,Jho Low hadir mesyuarat 1MDB,489,Arahan pinda laporan audit 1MDB serius - Khairy,berkaitan
112,Jho Low hadir mesyuarat 1MDB,490,SPRM mula siasat pindaan Laporan Akhir Pengauditan 1MDB,berkaitan
112,Jho Low hadir mesyuarat 1MDB,491,Minda Pengarang: Heret pesalah skandal 1MDB ke mahkamah,berkaitan
112,Jho Low hadir mesyuarat 1MDB,492,Kos selenggara Equanimity RM 3 juta sebulan,tidak berkaitan
113,Program perumahan rakyat termiskin (PPRT) di Kelantan diberhentikan,493,PPRT di Kelantan diteruskan,tidak setuju
113,Program perumahan rakyat termiskin (PPRT) di Kelantan diberhentikan,494,program perumahan rakyat termiskin masih lagi diperuntukkan di Kelantan,tidak setuju
113,Program perumahan rakyat termiskin (PPRT) di Kelantan diberhentikan,495,JKKK diberi tugas urus projek baik pulih PPRT - Ismail Sabri,berkaitan
113,Program perumahan rakyat termiskin (PPRT) di Kelantan diberhentikan,496,RM100 juta mampu rancakkan IKS negara - Tekun,tidak berkaitan
114,Program perumahan rakyat termiskin (PPRT) di Kelantan masih diteruskan,497,PPRT di Kelantan diteruskan,setuju
114,Program perumahan rakyat termiskin (PPRT) di Kelantan masih diteruskan,498,program perumahan rakyat termiskin masih lagi diteruskan di Kelantan,setuju
114,Program perumahan rakyat termiskin (PPRT) di Kelantan masih diteruskan,499,JKKK diberi tugas urus projek baik pulih PPRT - Ismail Sabri,berkaitan
114,Program perumahan rakyat termiskin (PPRT) di Kelantan masih diteruskan,500,RM100 juta mampu rancakkan IKS negara - Tekun,tidak berkaitan
115,Dewan Negara tidak meluluskan RUU Perbekalan 2019,501,Persidangan Dewan Negara pada Selasa meluluskan Rang Undang-undang (RUU) Perbekalan 2019 yang memperuntukkan sejumlah RM314.5 bilion untuk perbelanjaan kerajaan bagi tahun berkenaan.,tidak setuju
115,Dewan Negara tidak meluluskan RUU Perbekalan 2019,502,Dewan Negara lulus lima RUU,berkaitan
115,Dewan Negara tidak meluluskan RUU Perbekalan 2019,503,Dewan Rakyat lulus RUU mansuh Akta Antiberita Tidak Benar ...,tidak berkaitan
115,Dewan Negara tidak meluluskan RUU Perbekalan 2019,504,Belanjawan2019: Tun M janji wang negara dibelanja dengan hati-hati,tidak berkaitan
115,Dewan Negara tidak meluluskan RUU Perbekalan 2019,505,Belanjawan 2019 diluluskan Dewan Rakyat | Astro Awani,tidak berkaitan
116,Dewan Negara lulus RUU Perbekalan 2019,506,Persidangan Dewan Negara pada Selasa meluluskan Rang Undang-undang (RUU) Perbekalan 2019 yang memperuntukkan sejumlah RM314.5 bilion untuk perbelanjaan kerajaan bagi tahun berkenaan.,setuju
116,Dewan Negara lulus RUU Perbekalan 2019,507,Dewan Negara lulus lima RUU,berkaitan
116,Dewan Negara lulus RUU Perbekalan 2019,508,Dewan Rakyat lulus RUU mansuh Akta Antiberita Tidak Benar ...,tidak berkaitan
116,Dewan Negara lulus RUU Perbekalan 2019,509,Belanjawan2019: Tun M janji wang negara dibelanja dengan hati-hati,tidak berkaitan
116,Dewan Negara lulus RUU Perbekalan 2019,510,Belanjawan 2019 diluluskan Dewan Rakyat | Astro Awani,tidak berkaitan
